0,1909,日本ドライケミカル,0,14,100,http://www.ndc-group.co.jp/,1955-04-23,2011-06-29,3,防災設備機器大手。消火設備に強み。初田製作所などと提携。\n消火に強い防災設備機器大手。外資の買収で００年非上場化、１１年再上場。ＯＫＩと資本業務提携
0,5631,日本製鋼所,0,14,1000,http://www.jsw.co.jp/,1950-12-11,1951-06-01,3,樹脂機械、大型鋳鍛鋼では世界有数。射出成型器に強み。防衛関連も。\n大型鋳鍛鋼で世界有数、電力・原子力向け製品が収益柱。射出成形機でも上位。火砲手掛ける
0,6005,三浦工業,0,14,100,http://www.miuraz.co.jp/,1959-05-01,1982-12-06,3,産業用小型ボイラー大手。保守・サービス網が充実、国内シェア５割超。\n産業小型ボイラーで国内５割超占有。メンテが安定収益源。水処理や環境事業育成。海外開拓
0,6013,タクマ,0,14,1000,http://www.takuma.co.jp/,1938-06-10,1949-05-01,3,ボイラー中心に環境設備にも展開。官公需への依存度大。バイオ強化。\nボイラー基盤にゴミ焼却炉、水処理装置へ展開。ストーカ炉に強い。バイオマス発電プラントも
0,6022,赤阪鐵工所,1,14,1000,http://www.akasaka-diesel.jp/,1934-12-26,1961-10-01,3,船舶用エンジン中堅。三菱重と連携。産業機器や修理部品なども。\n舶用ディーゼルエンジン専業の中堅。三菱重工と連携。小型・省エネ型を強化。非舶用分野を育成
0,6101,ツガミ,0,14,1000,http://www.tsugami.co.jp/,1937-03-15,1949-06-10,3,精密工作機械が主体。小型自動施盤と研削盤が収益の柱。輸出に注力。\n小型自動旋盤の首位。スマホや自動車向け強い。新興国開拓重視。中国子会社の香港上場準備中
0,6103,オークマ,0,14,1000,http://www.okuma.co.jp/,1918-07-15,1949-05-01,3,老舗の工作機械大手。ＮＣ内製に特色。マシニングセンターでは首位級。\n東海の工作機械大手。マシニングセンタ（ＭＣ）などトップ級。国内生産、基礎技術開発に重点
0,6104,東芝機械,0,14,1000,http://www.toshiba-machine.co.jp/,1949-03-18,1949-08-01,3,射出、ダイカストの成形機が中心。大型工作機や半導体製造装置も。\n射出、ダイカストなど成形機が主軸。大型工作機械も得意。持分対象に半導体製造装置会社
0,6111,旭精機工業,9,14,0,http://www.asahiseiki-mfg.co.jp/,1953-08-11,1961-10-01,3,防衛省向け銃弾類が主力。プレス機や航空機部品など民需を展開。\n銃弾類、水晶振動子用ケース主力からプレス機、ばね機械、航空機部品などに展開。輸出も強化
0,6112,小島鉄工所,1,14,1000,http://www.kojimatekko.co.jp/,1936-06-01,1961-10-01,11,大型油圧プレス中堅。自動車・建材向けが主力。アジア向けに強み。\n大型油圧プレス機の中堅メーカー。鋳造で創業。輸出は韓国が主。収益計上は工事進行基準
0,6113,アマダホールディングス,0,14,100,http://www.amadaholdings.co.jp/,1948-05-01,1961-10-01,3,金属加工機械大手。板金機械ではトップ。海外拡大に注力。\n金属加工機械で国内首位級。特に板金機械はトップ。４月持株会社制に移行。株主還元重視
0,6118,アイダエンジニアリング,0,14,100,http://www.aida.co.jp/,1937-03-25,1962-06-01,3,サーボ駆動式プレス機は世界大手。自動車関連大。ロボットにも実績。\nサーボ駆動式プレス機で世界２強。自動車関連約８割、非日系開拓で拡大中。世界４極生産体制
0,6121,滝澤鉄工所,0,14,1000,http://www.takisawa.co.jp/,1944-10-30,1962-09-01,3,工作機械中堅。ＮＣ施盤が主力。自動車向け過半。海外販売に注力。\n工作機械中堅。ＮＣ旋盤主力に、複合加工機等も。自動車向け５割超。台湾と上海に製販子会社
0,6125,岡本工作機械製作所,1,14,1000,http://www.okamoto.co.jp/,1935-06-10,1963-06-26,3,工作機械中堅。平面研削盤で首位。半導体関連装置も生産。アジア展開。\n平面研削盤で国内首位。液晶、半導体製造装置も手掛ける。汎用機はタイ、シンガポールで生産
0,6131,浜井産業,1,14,1000,http://www.hamai.com/,1938-01-13,1963-07-01,3,精密工作機械製造。電子部品用材料の研磨機が主力。東南アジアに進出。\n半導体、ＨＤＤ、ＬＥＤなど電子部品材料の研磨機（ラップ盤）が主軸。部品加工用ホブ盤も製造
0,6134,富士機械製造,0,14,100,http://www.fuji.co.jp/,1959-04-07,1964-05-01,3,自動装着装置で首位。電子部品組立機と工作機械が両輪。輸出比率大。\n電子部品向けなど自動装着装置トップ。高速機に強い。自動車部品用工作機械も。輸出比率大
0,6135,牧野フライス製作所,0,14,1000,http://www.makino.co.jp/,1951-05-01,1964-07-01,3,工作機械大手。マシニングセンターなどが主力。放電加工機にも注力。\n工作機械上位。金型・部品や航空機向けマシニングセンタ（ＭＣ）が柱。先端志向の技術に強み
0,6136,ＯＳＧ,0,14,100,http://www.osg-ir.com/,1938-03-26,1964-12-01,11,精密切削工具大手。タップ・エンドミルなど高シェア。製販一貫体制。\n精密切削工具大手。タップ・エンドミル等で高シェア。自動車向け比率高い。配当性向３０％
0,6137,小池酸素工業,1,14,1000,http://www.koikeox.co.jp/,1936-12-08,1969-10-01,3,厚板切断機と高圧ガスに特化。プラズマ・ガス切断機で首位。\n鉄鋼、造船、建機向け厚板切断機などの機械装置と高圧ガスが２本柱。ガス事業で医療機器も
0,6138,ダイジェット工業,0,14,1000,http://www.dijet.co.jp/,1950-12-23,1962-06-01,3,総合超硬工具で大手。独自技術の自動車用切削工具に強み。海外に注力。\n総合超硬工具メーカー上位。最終需要では自動車向けが中心。焼肌チップ縮小し切削工具に傾注
0,6140,旭ダイヤモンド工業,0,14,100,http://www.asahidia.co.jp/,1937-10-09,1972-10-01,3,ダイヤ工具最大手。半導体、自動車、航空機、機械など顧客は幅広い。\nダイヤモンド工具国内首位。半導体、自動車、機械、石材・建築など顧客多彩。自己資本充実
0,6141,ＤＭＧ森精機,0,14,100,http://www.dmgmoriseiki.co.jp,1948-10-26,1979-11-01,12,ＮＣ旋盤、ＭＣが２本柱の工作機械大手。独ＤＭＧを連結対象に。\nＮＣ旋盤・マシニングセンタ（ＭＣ）で最大手格。ＴＯＢで独ＤＭＧを連結化、合併が最終目標
0,6142,富士精工,9,14,0,http://www.c-max.co.jp/,1958-03-01,1982-10-04,2,超硬工具専業メーカー中堅。トヨタなど自動車向け中心。海外でも生産。\n超硬工具中堅。試作品も製造。トヨタグループとの取引大。インドネシア、中国などでも生産
0,6143,ソディック,0,14,100,http://www.sodick.co.jp/,1976-08-03,1986-02-19,3,放電加工機大手、世界シェア高。独自技術に強み。射出成形機も。\n放電加工機で世界首位級。ＮＣ装置内製し独自色強い。射出成形機や食品機械（製麺機）も育成
0,6144,西部電機,1,14,100,http://www.seibudenki.co.jp/,1939-02-01,1986-12-02,3,搬送装置や産業機械を製造販売。放電加工機・工作機械も手掛ける。\n搬送機械、産業機械、工作機械の３本柱。産機は公共、電力が軸。収益は下期偏重。安川電機と親密
0,6145,日特エンジニアリング,2,14,100,http://www.nittoku.co.jp/,1972-09-28,1989-01-31,3,コイル製造自動巻き線機最大手。全自動システム機に特徴。海外展開。\nコイル用自動巻線機最大手で全自動システム機に特色。モーター用巻線機も。ＦＡ企業志向
0,6146,ディスコ,0,14,100,http://www.disco.co.jp/,1940-03-02,1989-10-31,3,半導体研削・切断装置で世界首位。国内も高シェア。技術開発力に定評。\n半導体、電子部品向け切断、研削、研磨装置で世界首位。装置と消耗品のダイヤ砥石が２本柱
0,6147,ヤマザキ,2,14,100,http://www.yamazaki-iron.co.jp/,1960-09-01,1990-03-26,3,工作機械と二輪車部品が主体。ヤマハ発向け中心。ベトナムに現法。\n工作機と２輪車用部品が柱。ヤマハ発動機向け４割、工作機は自動車業界に依存。ベトナム進出
0,6149,小田原エンジニアリング,2,14,100,http://www.odawara-eng.co.jp/,1979-10-15,1991-07-29,12,モーター用自動巻き線機で国内最大手。世界でも高シェア。海外展開も。\nモーター用自動巻線機で国内首位、世界２位。自動車用、家電用が主力。ローヤル電機を傘下に
0,6150,タケダ機械,2,14,1000,http://www.takeda-mc.co.jp/,1971-06-02,1992-07-07,5,鉄骨加工機大手。鋼材製缶板金など主力。自動車関連など受託生産も。\n鉄骨加工機大手メーカー。鋼材加工業者中心に自動車業界などが得意先。中国、韓国等に代理店
0,6151,日東工器,0,14,100,http://www.nitto-kohki.co.jp/,1956-10-22,1995-10-24,3,流体継ぎ手最大手。機械工具など手掛ける。独自製品に強み。海外強化。\n配管の簡易接続器具である迅速流体継ぎ手の最大手。自社開発製品に強み。海外展開に積極的
0,6155,高松機械工業,1,14,100,http://www.takamaz.co.jp/,1961-07-01,2001-02-21,3,工作機械を製造販売。中小型のＮＣ施盤が主体。自動車向け中心。\n中小型ＮＣ旋盤中堅。顧客密着の特注機多い。自動車用６０％前後。部品加工、液晶等製造装置も
0,6156,エーワン精密,2,14,100,http://www.a-one-seimitsu.co.jp/,1990-07-01,2003-03-06,6,旋盤部品開発製造。コレットチャックとカムで高シェア。多品種少量生産に強み。\n旋盤用コレットチャックとカム高シェア。特殊切削工具育成。超短納期武器に高利益率、無借金
0,6157,日進工具,2,14,100,http://www.ns-tool.com/,1979-12-01,2004-11-19,3,切削工具専業中堅。小径超硬エンドミルに特化。無借金経営。\n切削工具中堅。精密金型や部品加工向け超硬小径エンドミルに特化しＯＳＧと双璧。無借金
0,6158,和井田製作所,2,14,100,http://www.waida.co.jp/,1946-10-22,2005-06-09,3,特殊研削盤に特化。刃先交換式チップで高シェア。海外での提携に積極。\n工作機械中堅。切削工具用と金型用の特殊研削盤で国内首位。海外同業との提携に積極的
0,6159,ミクロン精密,2,14,100,http://www.micron-grinder.co.jp/,1961-10-06,2005-06-27,8,研削盤大手。心なしで国内首位。自動車関連が主力。内面研磨盤が成長。\n心なし研削盤国内首位でシェア４割、内面研削盤が成長。自動車向け過半。米国、タイに営業拠点
0,6161,エスティック,4,14,100,http://www.estic.co.jp/,1993-08-25,2006-01-30,320,ねじ締め装置で国内首位級。自動車工場向けが主力。海外に注力。\nナットランナ（ネジ締め機器）国内首位級。自動車向け主体。独自の電動式で差別化。海外強化中
0,6163,エイチアンドエフ,2,14,100,http://www.h-f.co.jp/,1964-08-18,2006-11-29,3,日立造船系で自動車プレス機大手。アフターサービスを世界展開。\n自動車向け中心に大中型プレス機械を製造。アフターサービスを世界に展開。日立造船グループ
0,6164,太陽工機,2,14,100,http://www.taiyokoki.com/,1988-05-01,2007-12-19,12,研削盤専業の工作機械中堅。立形研削盤で国内首位。森精機の子会社。\n新潟地盤の工作機械中堅。立形研削盤で国内首位。北米軸に海外向け拡大中。森精機の子会社
0,6165,パンチ工業,0,14,100,http://www.punch.co.jp/,1975-03-29,2012-12-20,3,国内・中国で金型部品製造販売大手。短納期、特注品に強み。\n金型部品国内２位。中国は８０００社の顧客基盤持ちシェアトップ級。短納期販売に強み
0,6166,中村超硬,4,14,100,http://www.nakamura-gp.co.jp/,1970-12-21,2015-06-24,3,太陽光発電パネル用ウエハーなどの製造に使うダイヤモンドワイヤ大手。\n-
0,6167,冨士ダイス,1,14,100,http://www.fujidie.co.jp/,1956-04-03,2015-06-25,3,タングステンなど超硬合金を使った工具や金型を製造する。\n-
0,6203,豊和工業,0,14,100,http://www.howa.co.jp/,1907-02-09,1949-05-01,3,産業用機械の老舗。工作機械中心に金属製建具や火器など防衛機器大。\n産業用機械の老舗。工作機械が主力。火器、防音サッシなど防衛需要大。道路清掃車両で首位
0,6205,ＯＫＫ,0,14,1000,http://www.okk.co.jp/,1915-10-20,1949-05-01,3,工作機械の老舗。マシニングセンターが主力。水道メーターも展開。\n中小型マシニングセンタが主力。自動車関連向けシステムに強み。水道メーターも手掛ける
0,6208,石川製作所,0,14,1000,http://www.ishiss.co.jp/,1937-01-25,1953-01-01,3,繊維機械で出発も紙工機械に重点。段ボール製函印刷機主体。防衛機器も。\n段ボール製函印刷機主体の機械メーカー。繊維機械で出発し防衛機器も。レンゴーが筆頭株主に
0,6210,東洋機械金属,0,14,100,http://www.toyo-mm.co.jp/,1925-05-16,1949-05-01,3,日立系。小型射出成形機やダイカストマシンに強み。ディスク専用機も。\n小型の射出成形機や電動ダイカストマシンに強み。中国に生産子会社、伊など海外に委託生産
0,6217,津田駒工業,0,14,1000,http://www.tsudakoma.co.jp/,1939-12-30,1961-10-01,11,自動織機大手。ジェットルームは世界トップ。工作用機器も展開。\n繊維機械の総合首位。ジェットルームは世界１位。中国向けほか輸出が大半。工作機械関連も
0,6218,エンシュウ,0,14,1000,http://www.enshu.co.jp/,1920-02-05,1953-08-01,3,ヤマハ発動機系工作機械の老舗。輸送機器も主力。丸紅と業務提携。\n自動車用工作機械とヤマハ発動機向け部品加工が柱。レーザー加工機等も。丸紅と業務提携
0,6222,島精機製作所,0,14,100,http://www.shimaseiki.co.jp/,1961-07-13,1990-12-25,3,ニット横編機で世界トップ。技術力に定評。デザインシステムも注力。\n電子制御横編み機の世界最大手。国内独占、海外４割のシェア。デザインシステムも手掛ける
0,6239,ナガオカ,2,14,100,http://www.nagaokajapan.co.jp/,2004-11-01,2015-06-29,6,石油プラント部品大手で、海水淡水化事業にも注力。\n-
0,6240,ヤマシンフィルタ,1,14,100,http://www.yamashin-filter.co.jp/,1956-04-05,2014-10-08,3,建設機械向け油圧フィルターで世界トップシェア。開発力に強み。\n建設機械の油圧回路に用いるフィルター世界首位、産業機械、電子部品製造工程フィルターも
0,6245,ヒラノテクシード,1,14,100,http://www.hirano-tec.co.jp/,1949-07-01,1962-04-01,3,塗工機が主力。コーティング技術に定評。各種熱処理機械なども強み。\n塗工・化工・各種熱処理機械が主力。電気・電子、高分子化学の高精度薄膜塗工で業界をリード
0,6246,テクノスマート,1,14,1000,http://www.technosmart.co.jp/,1936-01-01,1964-01-01,3,紙フィルム加工機主体。各種塗工乾燥機へ総合化。燃料電池用も。\n各種フィルム塗工乾燥機、化工機メーカー、中国、台湾、韓国向け比率高い。国内生産体制堅持
0,6247,日阪製作所,0,14,100,http://www.hisaka.co.jp/,1942-05-05,1971-11-01,3,プレート式熱交換器と染色機械で首位。生活産業機器を強化。\nプレート式熱交換器、染色機械で首位。食品、医薬など生活産業機器を強化。配当性向３０％以上
0,6248,横田製作所,2,14,100,http://www.aquadevice.com/,1953-05-20,2013-06-13,3,業務用ポンプやバルブの製造・販売。石火発電所用ポンプはシェア大。\n耐腐食・耐摩耗性ポンプが強み。独立系でニッチ市場特化。石火発電所用自吸ポンプで高シェア
0,6249,ＧＣジョイコ,2,14,100,https://www.gamecard-joyco.co.jp/,2011-04-01,2011-04-01,3,遊技機用カード大手。日本ＧＣとジェイコムシステムが経営統合。\n遊技機用プリペイドカードシステム大手。日本ゲームカードとジョイコシステムズが統合
0,6250,やまびこ,0,14,100,http://www.yamabiko-corp.co.jp/,2008-12-01,2008-12-01,3,農林業機械首位。共立と新ダイワ工業が統合。刈払機等小型農機具拡充。\n屋外作業機械メーカーで国内首位、米州上位。共立と新ダイワ工業が統合。利益は上期偏重
0,6254,野村マイクロ,2,14,100,http://www.nomura-nms.co.jp/,1969-04-02,2007-10-05,3,超純水装置大手。半導体向けなどが主体。海外拡大に注力。\n超純水装置の大手。北興化学から分岐。韓国、台湾企業向け開拓で先駆、韓国サムスンと取引多い
0,6255,エヌ・ピー・シー,4,14,100,http://www.npcgroup.net/,1992-12-24,2007-06-29,8,太陽電池モジュールの製造装置で世界首位。太陽電池生産ラインの一括請負も。\n祖業は食品用真空包装機。太陽電池の後工程向け装置で大手。太陽電池モジュール受託加工も
0,6256,ニューフレア,2,14,100,http://www.nuflare.co.jp/,1997-10-01,2007-04-25,3,半導体製造装置メーカー。マスク描画装置では世界トップ。\n半導体製造装置メーカー。東芝機械から分社。電子ビームマスク描画装置で世界シェア首位
0,6257,藤商事,2,14,100,http://www.fujimarukun.co.jp/,1966-10-01,2007-02-09,3,パチンコ・パチスロ機中堅。歌手などの製品に強み。全国に営業拠点。\nパチンコ、パチスロ機中堅メーカー。大阪発祥。「宇宙戦艦ヤマト」がヒット。サン電子と提携
0,6258,平田機工,2,14,100,http://www.hirata.co.jp/,1951-12-29,2006-12-14,3,生産設備の製造販売。自動車と薄型テレビ向けが主柱。海外展開に意欲。\n生産設備エンジニアリング会社。自動車や半導体、家電関連など顧客多彩。産業用ロボットも
0,6259,大崎エンジニアリング,2,14,100,http://www.oec-inc.co.jp/,1990-04-26,2006-11-20,3,大崎電機系のＦＰＤ関連装置大手。LED用装置や2次電池に注力。\n大崎電気系。柱のＦＰＤ製造装置が縮小して業績低迷。２次電池やＬＥＤ照明用装置の育成に力
0,6262,ペガサスミシン製造,0,14,100,http://www.pegasus.co.jp/,1947-01-08,2006-02-23,3,伸縮生地向け環縫いミシンの最大手。中国、南アジア中心に海外進出。\n伸縮性ある生地に適した環縫いミシンでトップ。海外は中国、アジア中心。自動車用金型部品も
0,6264,マルマエ,4,14,100,http://www.marumae.com/,2001-04-02,2006-12-26,8,精密部品加工業。液晶・半導体・太陽電池製造装置向け。大型品に強み。\n液晶、半導体、太陽電池製造装置の精密部品加工業。大型高精度品強い。産活法による再建終了
0,6265,妙徳,2,14,1000,http://www.convum.co.jp/,1951-04-16,2004-10-20,12,独立系の真空吸着搬送機器メーカー。自動車向けなど主力。海外強化。\n真空吸着搬送機器メーカー。自動車関連、電子産業向けが多い。中国、韓国など海外を強化
0,6266,タツモ,2,14,100,http://www.tazmo.co.jp/,1972-02-26,2004-07-15,12,液晶カラーフィルター用塗布装置で世界首位。独自技術に強み。\n液晶カラーフィルター用塗布装置で世界シェア首位。独自技術持つ。東京応化工業と密接
0,6267,ゼネラルパッカー,2,14,1000,http://www.general-packer.co.jp/,1966-02-09,2003-12-18,7,自動包装機械中堅。食品や化学品などの袋詰めに強み。薬品なども。\n自動包装機械の中堅。食品向けが主体。粉末、顆粒向けに特化。ワイ・イー・データが筆頭株主
0,6268,ナブテスコ,0,14,100,http://www.nabtesco.com/,2003-09-29,2003-09-29,12,制御装置大手。自動ドアで世界首位級。産業ロボット用精密減速機も。\n産業ロボット用精密減速機で世界シェア６割、自動ドア世界首位級、鉄道用ブレーキも強い
0,6269,三井海洋開発,0,14,100,http://www.modec.com/jp/,1987-06-01,2003-07-02,12,浮体式石油、ガス生産設備の大手。世界２位。建造とリースも展開。\n浮体式の原油生産貯蔵設備（ＦＰＳＯ）を設計・建造。工事は外部活用。完成後に合弁通じリース
0,6271,ニッセイ,1,14,100,http://www.nissei-gtr.co.jp/,1942-03-12,1985-07-08,3,減速機と小型歯車が主力。短納期生産に強み。ブラザー工業系。\nブラザー工業の連結子会社。機械用減速機、自動車歯車が主力。無借金。配当性向５０％以上メド
0,6272,レオン自動機,0,14,100,http://www.rheon.com/,1963-03-15,1985-11-19,3,食品加工機械大手。自動包あん機、製パン機が主力。技術力に定評。\n練り技術を基礎に食品成形機展開。包あん成形機や製パン機が主力。米国製パン事業が育つ
0,6273,ＳＭＣ,0,14,100,http://www.smcworld.com/,1959-04-27,1987-12-23,3,空気圧機器最大手。ＦＡ空圧制御機器で世界首位。海外展開進める。\nＦＡ空圧制御機器で世界首位。国内シェア６割、海外３割。顧客の業種幅広く収益基盤厚い
0,6274,新川,0,14,100,http://www.shinkawa.com/,1959-08-06,1988-09-20,3,ボンディング装置専業メーカー。半導体用ワイヤボンダで世界高シェア。\n半導体用結線装置（ワイヤボンダ）世界上位、接着装置育成。ＬＥＤ向けなど用途拡大。無借金
0,6276,ナビタス,2,14,1000,http://www.navitas.co.jp/,1980-01-12,1989-03-23,3,特殊印刷機メーカー。熱転写装置やパッド印刷機で首位。新分野を強化。\nホットスタンプ印刷や成形転写装置等の特殊印刷機総合メーカー。検査装置など新分野強化
0,6277,ホソカワミクロン,0,14,1000,http://www.hosokawamicron.co.jp/,1949-08-13,1989-06-01,9,粉体関連装置の最大手。技術力に定評。欧州に強み。日清エンジと提携。\n粉体関連装置で業界首位。欧州強い。プラスチック薄膜製造装置も展開。日清エンジと業務提携
0,6278,ユニオンツール,0,14,100,http://www.uniontool.co.jp/,1960-12-14,1989-06-22,12,プリント配線板用ドリル世界最大手。直動軸受けも展開。有利子負債ゼロ。\nＰＣＢ（プリント配線板）ドリルで世界シェア３割超の首位。直動軸受けも。有利子負債ゼロ
0,6279,瑞光,1,14,100,http://www.zuiko.co.jp/,1963-04-03,1989-10-31,220,衛生用品製造機で国内首位。紙おむつ、生理用ナプキンに強み。\n衛生用品製造機で国内首位。小児用紙おむつと生理用ナプキン向け断トツ。中国等に生産子会社
0,6280,名機製作所,9,14,0,http://www.meiki-ss.co.jp/,1938-12-23,1989-11-30,3,射出成型機の草分け。ディスク専用機から自動車・ＩＴ向けに展開。\n射出成形機の草分け大手。国内で初めてプラスチック射出成形機を開発。自動車業界向けが主体
0,6281,前田製作所,2,14,1000,http://www.maesei.co.jp/,1962-11-30,1989-12-06,3,前田建設系の建設機械販売会社。コマツ総代理店。製造事業を育成中。\n前田建設系。コマツ総代理店最大手級。かに・クローラークレーンなど好採算の自社機器を強化
0,6282,オイレス工業,0,14,100,http://www.oiles.co.jp/,1952-03-11,1989-12-19,3,無給油式ベアリング最大手。免震装置でも高シェア。開発・特許保有高い。\n無給油式ベアリングで国内シェア５割。開発に力を入れ保有特許多い。免震装置でも高シェア
0,6284,ＡＳＢ機械,0,14,100,http://www.nisseiasb.co.jp/,1978-11-08,1990-05-25,9,PETボトルなど食品、飲料容器成形機世界大手。海外比率9割。汎用機拡大。\nＰＥＴなどプラスチックボトル成形機メーカー。世界２位級。海外比率９割。インドに生産拠点
0,6286,靜甲,2,14,100,http://www.seiko-co.com/,1939-05-18,1990-10-19,3,包装プラントが主力。電動工具部品や自動車部品なども強み。\n食品用包装機械、電動工具部品など製造。ＦＡ・空調販売も。傘下の静岡スバル自動車が稼ぎ頭
0,6287,サトーホールディングス,0,14,100,http://www.sato.co.jp/,1951-05-16,1990-10-31,3,自動認識システムで世界首位級。Ｍ＆Ａで低価格機参入。海外積極展開。\nバーコード、プリンタなど自動認識システムで世界首位級。海外拡大。Ｍ＆Ａで低価格機に参入
0,6289,技研製作所,1,14,100,http://www.giken.com/,1978-01-06,1991-04-17,8,杭圧入引抜機のトップ企業。地下駐車場や駐輪場工事に強み。\n油圧式杭圧入引抜機等を製造。圧入工事は特殊工事特化など開発型企業に転換中。地下駐輪場も
0,6291,日本エアーテック,0,14,100,http://www.airtech.co.jp/,1973-03-08,1991-11-27,12,クリーンルームと関連機器専業。ＩＴとバイオ分野向けが顧客の中心。\nクリーンルームと関連機器の専業メーカー。電子、バイオ分野が主な需要先。北関東に製造拠点
0,6292,カワタ,1,14,1000,http://www.kawata.cc/,1951-07-13,1991-12-02,3,プラスチック成型機向け周辺機器大手。乾燥機など主力。海外展開推進。\nプラスチック成形・合理化周辺機器トップ級。アジア軸に海外展開。国内は非成形機分野育成
0,6293,日精樹脂工業,0,14,100,http://www.nisseijushi.co.jp/,1957-05-25,1991-12-13,3,射出成形機の最大手。金型等の周辺機器似も展開。海外を強化。\n射出成形機最大手で周辺機器、金型、部品等に展開。専用機は内製、汎用機は外注。海外強化
0,6294,オカダアイヨン,1,14,100,http://www.aiyon.co.jp/,1960-09-01,1992-08-11,3,破砕・解体用建機メーカー。環境機械も仕入販売。米国に販社。アジア開拓へ。\n破砕・解体用建機メーカー。環境機械の仕入れ販売も。米国に販売子会社。アジア開拓進める
0,6295,富士変速機,9,14,0,http://www.fujihensokuki.co.jp/,1965-01-26,1993-06-11,12,変減速機メーカーから機械式立体駐車装置に展開。立川ブラインド系。\n変減速機から出発、機械式立体駐車場装置で４位群。立川ブラインド工業の子会社。無借金
0,6297,鉱研工業,2,14,100,http://www.koken-boring.co.jp/,1947-10-16,1994-03-10,3,地下資源工事用掘削機械大手。温泉開発工事に強み。日立建機と提携。\n地下資源工事用掘削機械で有数。温泉開発工事など施工も行う。日立建機と提携。アジア深耕中
0,6298,ワイエイシイ,0,14,100,http://www.yac.co.jp/,1973-05-11,1994-06-22,3,各種自動化機器の中堅。液晶、半導体製造装置が主力。クリーニング向けも。\n各種自動化機器の中堅。メモリディスク関連・液晶関連装置が主力化。太陽電池製造装置に参入
0,6299,神鋼環境ソリューション,1,14,1000,http://www.kobelco-eco.co.jp/,1954-06-01,1994-08-25,3,環境装置メーカー。水処理関連に強み。ゴミ焼却関連処理なども。\n神戸製鋼所グループの環境装置メーカー。水処理、ゴミ焼却に強い。攪拌機など化学機械も有力
0,6300,アピックヤマダ,1,14,1000,http://www.apicyamada.co.jp/,1953-05-04,1994-10-14,3,半導体、樹脂封止成形装置大手。金型技術に強み。特注品に特化。\n半導体後工程装置メーカー。樹脂封止成形装置で大手。近年は先端機の開発・製造に軸足
0,6301,コマツ,0,14,100,http://www.komatsu.co.jp/,1921-05-13,1949-05-01,3,建機最大手。世界２位。産業機械や鉱山機械も。ＩＴ活用に強み。\n建設機械で世界２位。中国などアジアで首位。ＩＴ活用強み。基幹部品は日本、組み立て現地化
0,6302,住友重機械工業,0,14,1000,http://www.shi.co.jp/,1934-11-01,1949-05-01,3,住友系総合重機大手。変減速機や射出成形機等に強み。医療機器関連も。\n重工大手の一角。変減速機、射出成形機に強い。建設機械やがん治療装置、タンカー造船なども
0,6303,ササクラ,1,14,1000,http://www.sasakura.co.jp/,1949-02-22,1994-12-07,3,熱交換機大手。海水淡水化、消音装置などの環境関連技術にも強み。\n海水淡水化装置の大手。船舶用造水装置や排水処理装置も強み。近年は水冷媒放射空調を事業化
0,6305,日立建機,0,14,100,http://www.hitachi-c-m.com/global/jp/index.html,1970-10-01,1981-12-17,3,総合建機大手。油圧ショベル高シェア。鉱山機械も拡大。\n油圧ショベル軸に建機国内２位、世界３位圏。鉱山機械も展開。日立製作所と連携強化
0,6306,日工,0,14,1000,http://www.nikko-net.co.jp/,1919-08-13,1949-05-01,3,土木用プラント専業。アスファルトプラント首位。生コンプラントも。\n土木用プラントメーカー。アスファルトプラントで首位。環境機械も手掛ける。中国で現地生産
0,6307,サンセイ,1,14,1000,http://www.sansei-group.co.jp/,1956-12-20,1995-09-26,3,ビル用ゴンドラ、舞台装置の草分け。船舶修理や海洋関連も手掛ける。\nビル用ゴンドラ、舞台装置のパイオニア。レンタルゴンドラや船舶修理、魚礁など海洋関連も
0,6309,巴工業,0,14,100,http://www.tomo-e.co.jp/,1941-05-29,1996-05-30,10,化学機械中堅。デカンター型遠心分離機で高シェア。化学工業製品仕入れも。\n中堅化学機械メーカー。デカンター型遠心分離機で国内首位。輸入化学品商材の扱い大きい
0,6310,井関農機,0,14,1000,http://www.iseki.co.jp/,1936-04-06,1960-07-01,12,農業機械専業大手。稲作向け比率大。コンバイン・田植機に強み。\n農業機械専業で３位。コンバイン、田植え機に強み。稲作・野菜関連機械、農業用施設にも注力
0,6312,フロイント産業,2,14,100,http://www.freund.co.jp/,1964-04-22,1996-07-24,2,造粒・コーティング装置と化成品の製薬会社向けが主柱。\n製薬向け造粒・コーティング装置が柱。栄養補助食品・医薬添加剤も。産業用粉体装置を育成中
0,6314,石井工作研究所,2,14,100,http://www.i-kk.co.jp/,1979-01-05,1996-08-15,3,半導体製造装置メーカー。省エネ、小型化に注力。住宅・環境事業も。\n後工程向け半導体製造装置メーカー。切断・成形、マーキング、検査等が領域。太陽光施工も併営
0,6315,ＴＯＷＡ,0,14,100,http://www.towajapan.co.jp/,1979-04-17,1996-09-11,3,半導体製造関連装置大手。樹脂封止装置が主力。精密金型製作にも強み。\n封止や切断加工など半導体後工程用製造装置大手。精密金型製作に競争力。中国等に生産拠点
0,6316,丸山製作所,0,14,1000,http://www.maruyama.co.jp/,1937-11-01,1961-10-01,9,農家向けが主力の防除機最大手。消火器、刈払機、高圧ポンプも。\n防除機の大手で農家向けが７割占める。刈払機、噴霧機、消防機械、工業用高圧ポンプにも強み
0,6317,北川鉄工所,0,14,1000,http://www.kiw.co.jp/,1941-11-28,1961-08-01,3,土木機械大手。生コンプラントに強み。工作機械器具や立体駐車場も。\n自動車等の部品鋳造、工作機械器具、建機など多角展開。タイ、中国、メキシコに製造拠点もつ
0,6322,タクミナ,1,14,100,http://www.tacmina.co.jp/,1977-04-26,1997-10-16,3,定量ポンプ大手。小型ポンプで首位。環境装置用や高精密塗工用も。\n定量ポンプの大手。環境装置メーカー向け水処理・塩素殺菌用を基盤に、高精密塗工用も拡大
0,6323,ローツェ,2,14,100,http://www.rorze.com/,1985-03-30,1997-12-24,2,ウエハー、ガラス基板搬送機最大手。台韓企業が大口顧客。アジアに生産シフト。\n半導体や液晶工場に導入されるウエハ、ガラス基板の搬送装置を製造。大口顧客は台韓企業
0,6324,ハーモニック,2,14,100,http://www.hds.co.jp/,1970-10-27,1998-03-20,3,精密制御減速装置が主力。産業用ロボット向けなど。メカトロ製品育成。\n精密制御減速装置が主力。減速装置に各種駆動装置組み合わせのメカトロ製品を柱に育成強化
0,6325,タカキタ,1,14,100,http://www.takakita-net.co.jp/,1945-03-31,1962-11-01,3,飼料系農機が主体。軸受け加工も。クボタ、井関、ヤンマーと資本提携。\n飼料系農機が主で風力発電用軸受けも。クボタ、井関農機、ヤンマー等と資本提携。収益上期集中
0,6326,クボタ,0,14,1000,http://www.kubota.co.jp/,1930-12-22,1949-05-01,12,農業機械、鋳鉄管ともに最大手。建機、エンジンが主力。環境関連も。\n農業機械、鋳鉄管とも国内トップ。建機、エンジンにも地盤。環境プラントは民需、海外を強化
0,6327,北川精機,2,14,100,http://www.kitagawaseiki.co.jp/,1957-01-14,1998-06-19,6,プリント基板プレスや合板プレスが主力。炭素繊維部品に進出。\nプリント基板プレス、合板プレス・ＦＡ機械の中堅。新規２事業から撤退し２本柱経営に回帰
0,6328,荏原実業,0,14,100,http://www.ejk.co.jp/,1946-11-26,1998-11-09,12,上下水処理施設から環境関連事業に急展開。部材を内製化。\nポンプ・空調など機器卸から水処理設計・施工へ展開。メーカー機能持つ環境関連機器を育成
0,6331,三菱化工機,0,14,1000,http://www.kakoki.co.jp/,1949-09-01,1950-03-01,3,石油・化学装置メーカー。環境関連やバイオ・水素関連など新分野育成。\n石油・化学装置中心のエンジ会社。下水・排水処理など環境関連装置充実。油清浄機で業界牽引
0,6332,月島機械,0,14,100,http://www.tsk-g.co.jp/,1917-05-01,1949-05-01,3,汚泥処理装置に強み。化学プラントも主力。民需へのシフト進める。\n上下水処理などの水環境事業、化学向けなどの産業プラント・機器が２本柱。民需シフト強める
0,6333,帝国電機製作所,0,14,100,http://www.teikokudenki.co.jp/,1939-09-12,1999-05-28,3,キャンドポンプ最大手。国内外で高シェア。米企業買収、中国に拠点。\nキャンド（無漏洩）ポンプ最大手で国内シェア約６割、世界４割弱。米国企業買収。大連に工場
0,6334,明治機械,1,14,100,http://www.meiji-kikai.co.jp/,1925-08-20,1949-05-01,3,食品機械プラント大手。製粉、飼料製造設備で首位。機械販売も。\n製粉、飼料設備首位。多角化転換し本業回帰。不正会計で経営混乱、１４年ＴＣＳ−ＨＤと合併
0,6335,東京機械製作所,0,14,1000,http://www.tks-net.co.jp/,1916-02-15,1949-05-01,3,新聞向け中心の輪転機大手。デジタル印刷機、不動産に注力、構造転換中。\n最古の新聞輪転機メーカーだが祖業苦戦。デジタル印刷機など新分野育成による構造転換急ぐ
0,6336,石井表記,1,14,100,http://www.ishiihyoki.co.jp/,1973-04-09,1999-12-16,1,プリント基板製造装置メーカー最大手。研磨・洗浄装置で首位。\nプリント基板製造装置最大手。電子機器部品装置、ディスプレー・電子部品事業軸に再建図る
0,6337,テセック,2,14,100,http://www.tesec.co.jp/,1969-12-22,2000-04-04,3,半導体用ハンドラ大手。個別半導体用テスターでは世界首位級。\n半導体用ハンドラ（選別装置）国内上位。個別半導体用テスター（測定装置）は世界トップクラス
0,6338,タカトリ,1,14,100,http://www.takatori-g.co.jp/,1956-10-01,2000-04-13,9,LED等向け精密切断加工機が主力。半導体・液晶製造機器やパンスト縫製機も。\n精密切断加工機が主柱。液晶・半導体業界向け製造機器も。祖業のパンスト縫製機械は世界有数
0,6339,新東工業,0,14,100,http://www.sinto.co.jp/,1934-10-02,1954-06-01,3,鋳造機械最大手。真空鋳造法に強み。シェールガス採掘設備も。\n鋳造機械製造で首位。自動車向け強い。表面処理は造船、建機も。シェールガス採掘設備扱う
0,6340,澁谷工業,0,14,100,http://www.shibuya.co.jp/,1949-06-21,1982-02-01,6,飲料用充填装置の最大手。無菌充填機に定評。メカトロシステム製販も。\n飲料用充填装置で国内最大手。メカトロシステム製販も手掛ける。アジア、北米、欧州向けに強み
0,6342,太平製作所,1,14,1000,http://www.taihei-ss.co.jp/,1925-05-21,1961-10-01,3,合板機械最大手。木工機材や住宅建材にも進出。北米と東南アジアに力。\n合板・木工機械のトップメーカー。技術力に定評。建材の製造も。東南ア、北米向け輸出に実績
0,6343,フリージア・マクロス,1,14,1000,http://www.freesiamacross-extruder.com/jp/,1947-10-30,1963-07-01,3,プラスチック押出機が主力。ログハウスが貢献。土木試験機も。\n谷藤機械が前身。押出機製造が主力。株主（当社出資はゼロ）のログハウス施工会社が売上高加算
0,6345,アイチコーポレーション,0,14,100,http://www.aichi-corp.co.jp/,1962-02-02,1981-01-12,3,特装車メーカー。高所作業車、電設工事用で首位。豊田自動織機子会社。\n高所作業車メーカー国内トップ。電力会社向け多い。鉄道用の軌陸両用車育成。中国で現地生産
0,6346,キクカワ,1,14,1000,http://www.kikukawa.co.jp/,1947-06-01,1964-04-01,3,製材・木工機械最大手。半導体基板研磨装置や工作機械にも展開。\n製材・木工機械の最大手。プリント基板加工機、各種ＮＣ加工機などの工作機械にも展開
0,6347,プラコー,2,14,1000,http://www.placo.co.jp/,1940-12-26,1973-12-03,3,プラスチック加工機専業。環境関連システムに参入。アジア向け多い。\n中空成形機等プラスチック加工機の専業メーカー。リサイクル装置等環境関連システムに参入
0,6349,小森コーポレーション,0,14,100,http://www.komori.com/,1946-12-28,1983-04-21,3,印刷機専業トップ。枚葉機、紙幣印刷機に強み。欧米・中国向け輸出比率高い。\n印刷機専業で首位。オフセット印刷機、輪転機、紙幣印刷機に強み。欧米中心に輸出比率高い
0,6351,鶴見製作所,0,14,100,http://www.tsurumipump.co.jp/,1951-12-24,1981-05-11,3,水中ポンプ専業最大手。国内に強力な営業網。日中台に工場。\n水中ポンプ専業トップで市場シェア約３割。工場など設備常設型にも注力。日中台に生産工場
0,6355,住友精密工業,0,14,1000,http://www.spp.co.jp/,1961-01-05,1970-03-01,3,航空機の脚部が主力。低温熱交換器に強み。航空宇宙関連事業に注力。\n各種熱交換器と航空機の降着装置が柱。英半導体装置企業は１１年売却、残る２大事業に資源集中
0,6356,日本ギア工業,1,14,1000,http://www.nippon-gear.co.jp/,1938-12-05,1961-10-01,3,歯車・減速機専業。バルブやアクチュエーターに強み。電力会社向け大。\nバルブアクチュエーター（駆動装置）が主力。電力向け納入多い。１５年２月、経営陣総入れ替え
0,6357,三精テクノロジーズ,1,14,100,http://www.sansei-technologies.com/,1951-02-27,1964-11-01,3,舞台装置と遊戯機械大手。劇場や遊園地に実績。財務は良好。\n舞台機構、遊戯機械大手。テーマパーク、劇場が得意先。財務良好。米国投資ファンドは撤退
0,6358,酒井重工業,0,14,1000,http://www.sakainet.co.jp/,1949-05-07,1964-09-01,3,道路舗装機械専業大手。国内高シェア。北米、アジアで現地生産。\nロードローラーなど道路機械の専業大手。大型機に強み。米国、インドネシア、中国で現地生産
0,6360,東京自働機械製作所,1,14,1000,http://www.tam-tokyo.co.jp/,1944-06-05,1963-07-01,3,包装機器大手。たばこから食品・薬品に展開。古紙圧縮機も展開。\nたばこ自動包装機から出発し食品包装、古紙圧縮機等へ総合化。銘産・贈答品包装で高シェア
0,6361,荏原,0,14,1000,http://www.ebara.co.jp/,1920-05-20,1949-05-01,3,ポンプ総合メーカー。環境関連や半導体研磨装置等も手掛け、独自技術に定評。\nポンプの総合メーカー。環境対応のガス化溶融炉や半導体研磨装置等でも世界首位級の技術力
0,6362,石井鐵工所,0,14,1000,http://www.ishii-iiw.co.jp/,1919-11-20,1949-05-01,3,石油タンク老舗。大型石油タンクに強み。不動産事業強化し収益安定化。\n石油、ＬＰＧ等のタンク専業。新設乏しい国内は耐震補強主体。工場跡地の不動産賃貸が利益柱
0,6363,酉島製作所,0,14,100,http://www.torishima.co.jp/,1928-04-20,1949-05-01,3,国内ポンプ専業大手３社の一角。エネルギー用高効率ポンプは国内首位。\nポンプ国内大手３社の一角。発電用高効率ポンプは国内１位。中東の海水淡水化設備向け強い
0,6364,北越工業,0,14,100,http://www.airman.co.jp/,1938-05-15,1980-10-01,3,建設・産業機械製造会社。エンジンコンプレッサーで高シェア。\n建設現場用等の可搬式エンジンコンプレッサー大手。高所作業車、エンジン発電機も手掛ける
0,6365,電業社機械製作所,1,14,100,http://www.dmw.co.jp/,1955-03-26,1961-10-01,3,ポンプ大手で送風機と2本柱。大型ポンプが主力で官公需に強み。\nポンプ大手５社の一角で官公需に強み。送風機と２本柱。インドやサウジなど海外に積極展開
0,6367,ダイキン工業,0,14,100,http://www.daikin.co.jp/,1934-02-14,1949-05-01,3,エアコンで世界トップ。業務用では国内断トツ。化学事業も展開。\nエアコン世界首位。国内は業務用で断トツ。中国・格力電器と多面提携。フッ素化学事業も展開
0,6368,オルガノ,0,14,1000,http://www.organo.co.jp/,1946-05-01,1961-10-01,3,東ソー系。水処理装置の大手。電力半導体向け純水装置に強み。\n東ソー系、電力、半導体向け純水製造装置が主軸。水処理薬品も手掛ける。アジア展開を加速
0,6369,トーヨーカネツ,0,14,1000,http://www.toyokanetsu.co.jp/,1941-05-16,1961-10-01,3,タンク専業最大手。国内外で実績。低温タンクに強み。物流システムも。\n石油・ＬＮＧタンク工事の業界大手。国内外で実績豊富。物流システムは生協、空港向け多い
0,6370,栗田工業,0,14,100,http://www.kurita.co.jp/,1949-07-13,1961-10-01,3,総合水処理大手。水処理薬品、純水装置、環境関連装置など展開。\n総合水処理の最大手。装置に加え水処理薬品に強み。超純水供給事業が安定収益源。海外強化中
0,6371,椿本チエイン,0,14,1000,http://www.tsubakimoto.jp/,1941-01-31,1949-05-01,3,自動車・産業用チェーンで世界首位。搬送システム装置も展開。\n産業用スチールチェーン、自動車エンジン用チェーンで世界首位。搬送・保管システムも展開
0,6373,大同工業,0,14,1000,http://www.did-daido.co.jp/,1933-05-25,1961-10-01,3,二輪車用チェーンで国内首位。アジア圏中心に海外展開。新家工と同根。\nチェーン大手。２輪車用チェーンで国内シェアトップ。ホンダが主顧客。新家工業は兄弟会社
0,6375,日本コンベヤ,0,14,1000,http://www.conveyor.co.jp/,1949-05-26,1961-10-01,3,コンベヤー大手。大型のシェアは首位級。海外展開。立体駐車場装置も。\n長距離、大容量プラントコンベヤー得意、海外積極展開。立体駐車装置、人材派遣・ソフト開発も
0,6378,木村化工機,0,14,100,http://www.kcpc.co.jp/,1950-06-01,1961-10-01,3,化学プラント主力。原発関連の容器、濃縮機器に強み。公害防止用機器も。\n化学機械装置の保守・エンジ。蒸発装置強い。核燃料の輸送容器や濃縮関連機器など原発関連も
0,6380,オリエンタルチエン工業,1,14,1000,http://www.ocm.co.jp/,1947-08-26,1961-10-01,3,小型チェーン主体。農機、事務機械向けに定評。精密機器関連部品も。\n小型チェーンに強み。精密機器関連部品も展開。セーラー万年筆、北陸銀行と密接。直販を強化
0,6381,アネスト岩田,0,14,100,http://www.anest-iwata.co.jp/,1948-06-01,1961-10-01,3,塗装機器大手。コンプレッサー、スプレーガンが主力。シェア高い。\n塗装機器、圧縮機等の機器メーカー。塗装機国内シェア７割超。欧米、アジア等海外に積極展開
0,6382,トリニティ工業,1,14,1000,http://www.trinityind.co.jp/,1946-10-02,1963-08-01,3,塗装設備大手。トヨタグループ向け主力。設計からプラントまで一貫化。\nトヨタグループ向けが主力。塗装設備の設計からプラントまで一貫化。高級車向け自動車部品も
0,6383,ダイフク,0,14,100,http://www.daifuku.co.jp/,1937-05-20,1961-10-01,3,搬送・保管システム世界2位。立体自動倉庫首位。車向けからIT向けにも展開。\n保管・搬送システム世界２位。立体自動倉庫首位。自動車向けルーツに液晶、半導体向け展開
0,6384,昭和真空,2,14,100,http://www.showashinku.co.jp/,1958-08-26,2000-12-20,3,真空技術応用製品を製造販売。水晶デバイス製造装置ではシェア首位。\nアルバック系列。水晶デバイス製造装置でシェア９割。真空技術を光学部品製造装置にも展開
0,6387,サムコ,0,14,100,http://www.samco.co.jp/,1979-09-01,2001-05-30,7,電子部品製造装置を研究開発。LED・レーザーなど化合物半導体用に特化。\n半導体など電子部品製造装置の研究開発型企業。ＬＥＤ向け薄膜形成、加工が主軸。アジア注力
0,6390,加藤製作所,0,14,1000,http://www.kato-works.co.jp/,1935-01-20,1962-08-01,3,建設用油圧クレーン大手。油圧ショベルは中堅。東南アジアを強化。\n国内建設用クレーン最大手級。油圧ショベルは中堅。中国、東南アジアなど海外向け強化中
0,6391,加地テック,1,14,1000,http://www.kajitech.com/,1934-02-01,1962-07-01,3,LNGなどプラント向け特殊ガス圧縮機が主力。三井造船系、海外で協業。\n石油化学など各種プラント向けに特殊ガス圧縮機製造。高圧技術に強み。三井造船が筆頭株主
0,6392,ヤマダコーポレーション,1,14,1000,http://www.yamadacorp.co.jp/,1939-12-20,1962-09-01,3,自動車用整備機器・工具大手。潤滑油送圧ポンプが主力。海外に子会社。\n独立系の産業用機器メーカー。自動車整備機器・工具と給油・塗装用など産業用ポンプが２本柱
0,6393,油研工業,0,14,1000,http://www.yuken.co.jp/,1947-04-01,1962-10-01,3,油圧機器専業最大手。システム制御機械に強み。アジア中心に海外展開。\n油圧機器の専業総合メーカー。独自システム製品に強み。アジア中心に海外生産・販売に意欲的
0,6395,タダノ,0,14,1000,http://www.tadano.co.jp/,1948-08-24,1962-09-01,3,建設用大型クレーン大手。海外比率高い。資源開発向け拡大。\n建設用クレーン製造の世界最大手級。資源開発向けに強み。高所作業車等も幅広く手掛ける
0,6396,宇野澤組鐵工所,1,14,1000,http://www.unozawa.co.jp/,1933-12-15,1962-11-01,3,工業用ポンプ、送風機の中堅。ドライ式真空ポンプは独占。空圧輸送機も。\n工業用ポンプ、送風機中堅。自社開発のドライ式真空ポンプは独占。不動産賃貸で安定収益
0,6397,郷鉄工所,1,14,1000,http://www.gohiron.co.jp/,1947-02-19,1962-10-01,3,破砕機、橋梁鉄構メーカー。廃材処理・再生など環境機器に注力。\n破砕・粉砕機を柱に環境機器に注力。ライニング加工にも展開、橋梁鉄構、水処理の比重低下
0,6400,不二精機,2,14,100,http://www.fujiseiki.com/,1965-07-01,2001-08-08,12,金型は医療機器向けが主力。成形システム、成形品製造にも展開。\n精密金型から出発、成形品受託が主体。２輪・４輪車部品中心に幅広く展開。中国、東南アに工場
0,6402,兼松エンジニアリング,1,14,100,http://www.kanematsu-eng.jp/,1971-09-01,2002-03-14,3,環境整備用特装車メーカー。産廃業者向け強力吸引作業車で首位。洗浄車も。\n環境整備用特装車メーカー。強力吸引作業車で国内シェア７割弱、高圧洗浄車で５割の最大手
0,6403,水道機工,2,14,1000,http://www.suiki.co.jp/,1936-01-15,1963-06-12,3,東レ子会社で水処理業界の先駆。グループの水処理事業を担当。\n水処理業界の先駆で東レの子会社。上水道施設向け浄水処理設備が主力。中国、サウジにも展開
0,6405,鈴茂器工,2,14,100,http://www.suzumo.co.jp/,1961-01-13,2003-04-25,3,米飯加工機械の製造販売。すしロボットで高シェア。和食人気で海外も。\n米飯加工機を製造販売。すしロボットが収益源。どんぶり飯盛り機や和食人気の海外展開も
0,6406,フジテック,0,14,100,http://www.fujitec.co.jp/,1948-02-09,1963-05-01,3,エレベーター専業大手。海外に生産販売拠点を展開し多国籍化を推進。\n昇降機、エスカレーター専業で国内４位。アジア市場で稼ぐ。日・米・アジアの多拠点で生産
0,6407,ＣＫＤ,0,14,100,http://www.ckd.co.jp/,1943-04-02,1962-10-01,3,省力・自動機械の大手。薬品包装機械に強み。車向け空気圧機器なども。\n省力・自動機械の大手。管球製造装置、薬品包装機、半導体用薬液制御機器などで高シェア
0,6408,小倉クラッチ,2,14,1000,http://www.oguraclutch.co.jp/,1948-05-25,1963-05-09,3,クラッチメーカー。カーエアコン用で世界高シェア。機械用も展開。\n産業用クラッチ大手。カーエアコン用で国内シェア６割、世界３割。機械用クラッチにも展開
0,6409,キトー,0,14,100,http://kito.com/jp/,1944-07-28,2007-08-09,3,工場用の搬送機器専業メーカー。チェーンブロック、ホイストで高シェア。海外展開を加速。\n工場用特化の搬送機器メーカー。チェーンブロックやホイストで独走、海外生産体制を強化中
0,6411,中野冷機,2,14,100,http://www.nakano-reiki.com/,1946-02-28,1986-08-19,12,大型冷機・冷凍ケース専業で首位。スーパー、コンビニ中心。セブン&アイグループに強い。\n冷凍ショーケース、同工事専業首位。セブン＆アイグループに強い。低温食品流通システム育成
0,6412,平和,0,14,100,http://www.heiwanet.co.jp/,1960-09-09,1988-08-08,3,パチンコ機大手。開発力に定評。パチスロ機に参入。ゴルフ場運営も。\nパチンコ機大手。直販が８割強。パチスロのオリンピアを子会社化。傘下にゴルフ場大手ＰＧＭ
0,6413,理想科学工業,0,14,100,http://www.riso.co.jp/,1955-01-25,1989-10-26,3,デジタル印刷機「リソグラフ」で国内シェア大。インクジェットプリンターは海外に注力。\nインクジェットプリンタ（ＩＪ）を先進国で重点展開。孔版（デジタル）機は新興・途上国に照準
0,6414,川重冷熱工業,2,14,1000,http://www.khi.co.jp/corp/kte/,1972-03-10,1990-02-28,3,ビル・工場用、空調機とボイラーの老舗。省エネ機などを強化。川崎重系。\n川崎重工業系。空調設備とボイラーの老舗。大型機が牙城。省エネ機やコージェネ対応機を強化
0,6416,桂川電機,2,14,1000,http://www.kiphq.co.jp/,1954-02-03,1991-09-11,3,大判に特化した複写機メーカー。製図用中心。海外比率大。\n大判型に特化したデジタル多機能プリンタメーカー。海外売上比率高い。業績悪化で再建中
0,6417,ＳＡＮＫＹＯ,0,14,100,http://www.sankyo-fever.co.jp/,1966-04-12,1991-10-18,3,パチンコ機大手。フィーバー台を開発。開発力に定評。直販率高い。\nパチンコ機製造大手。フィーバー台で成長。開発力に定評。フィールズに出資。財務体質優良
0,6418,日本金銭機械,0,14,100,http://www.jcm-hq.co.jp/,1955-01-11,1993-09-01,3,貨幣処理、硬化計数機大手。紙幣鑑別機は米国でトップ。\n紙幣識別機や硬貨計数機等の貨幣処理機大手。欧米市場が主力。米国のカジノ向けはシェア大
0,6419,マースエンジニアリング,0,14,100,http://www.mars-eng.co.jp/,1974-09-13,1993-11-25,3,パチンコ周辺機器大手。非接触カードシステム注力。店舗運営効率化。\n各台計数機などパチンコ店向け機器大手。開発・製販一貫。ＲＦＩＤ（非接触認証）事業育成
0,6420,福島工業,0,14,100,http://www.fukusima.co.jp/,1951-12-08,1994-02-03,3,業務用冷凍冷蔵庫でトップクラス。アジア市場を開拓。\n食品・業務用冷凍冷蔵庫で国内大手。ショーケース２位群。中国、東南アジア市場開拓も推進
0,6424,高見サイ,2,14,1000,http://www.tacy.co.jp/,1969-10-01,1996-10-30,3,交通・券売機製造販売の大手。駅ホームの自動ドアに注力。\n駅の自動券売機を製造販売。ＡＴＭ向け硬貨・紙幣処理装置等のメカトロ機器、ゲート等特機も
0,6425,ユニバーサル,2,14,100,http://www.universal-777.com/,1973-06-26,1998-09-01,3,パチスロ機大手。カジノ運営の米ウィン社を持ち分法適用から除外、係争中。\nパチスロ大手。米ウィン社と組みカジノホテル経営。が、対立関係に陥り係争中。旧アルゼ
0,6428,オーイズミ,0,14,100,http://www.oizumi.co.jp/,1974-07-18,2000-10-02,3,メダル計数機最大手。補給回収システムに強み。福祉介護へ参入。\nパチスロ用のメダル貸機、補給回収システム等が柱。パチスロ機も展開。福祉介護分野へ進出
0,6430,ダイコク電機,0,14,100,http://www.daikoku.co.jp/,1973-07-05,2002-11-06,3,パチンコ・ホール向け運用システム最大手。ユニット製造も主柱。\nホール向けコンピュータシステム最大手。パチンコ・パチスロ向けユニット製造と２本柱
0,6432,竹内製作所,0,14,100,http://www.takeuchi-mfg.co.jp/,1963-08-21,2002-12-12,2,建機中堅。ミニショベルなど小型が主力。海外比率高く欧米で高シェア。\nミニショベル主体の建機中堅、海外販売比率高い。欧米でシェア上位。中国・青島に製販拠点
0,6433,ヒーハイスト精工,2,14,1000,http://www.hephaist.co.jp/,1962-07-19,2004-06-11,3,機械向け軸受けを製造。液晶製造装置用位置決め部品も。THK向け過半。\n産業機械用直動ベアリングが軸。液晶製造装置用位置決め部品も。売上の過半はＴＨＫ向け
0,6436,アマノ,0,14,100,http://www.amano.co.jp/,1945-11-22,1961-10-01,3,就業情報システムは世界高シェア。駐車場管理システム、環境関連も。\n就業時間管理システムの国内最大手。駐車場管理に床面洗浄機など環境関連を加えた３本柱
0,6439,中日本鋳工,9,14,0,http://www.nakachuko.co.jp/,1943-05-24,1961-10-01,3,鋳物部品大手。自転車、ミシン向けが中心。メガソーラー運営。\n独立系の鋳物部品メーカー。自動車や建機向けなどが主力。工場敷地内でメガソーラー運営
0,6440,ＪＵＫＩ,0,14,100,http://www.juki.co.jp/,1938-12-15,1961-10-01,12,工業用ミシンで世界トップ。産業装置でソニーと合弁。\nアパレル向け工業用ミシン世界１位。アジアで強い。家庭用３位。チップマウンターが第２の柱
0,6444,サンデンＨＤ,0,14,1000,http://www.sanden.co.jp/,1943-07-30,1962-08-01,3,カーエアコンのコンプレッサー世界2位。欧州車向けが主力。自販機、店舗用冷機も。\nカーエアコンのコンプレッサー世界２位。欧州車中心。店舗用冷機や自動販売機も。持株会社制
0,6445,蛇の目ミシン工業,0,14,1000,http://www.janome.co.jp/,1950-06-27,1962-09-01,3,家庭用ミシン最大手。24時間風呂も手掛ける。卓上ロボットも展開。\n家庭用ミシン１位。日本、タイ、台湾で生産。卓上ロボット、ダイカスト等産業機器が第２の柱
0,6454,マックス,0,14,1000,http://www.max-ltd.co.jp/,1942-11-26,1970-03-01,3,ホチキスとくぎ打ち機最大手。消耗品が収益の柱。子会社で車椅子製販。\n複写機内蔵綴じ機やホッチキス、建築作業用くぎ打ち機で国内首位。子会社で車いす製造販売も
0,6457,グローリー,0,14,100,http://www.glory.co.jp/,1944-11-27,1983-11-01,3,貨幣処理機大手。国内で高シェア。たばこ自販機や認証システムなども。\n硬貨・紙幣処理機で国内シェア５割強。遊技市場向けカード装置やたばこ自販機なども展開
0,6458,新晃工業,0,14,100,http://www.sinko.co.jp/,1950-06-16,1985-08-01,3,業務用空調機中堅。大型機種に特化。中国、タイに進出。ビル管理に進出。\nセントラル空調機器でシェア４割弱。業務用空調機の中堅。中国やタイ進出。ビル管理会社買収
0,6459,大和冷機工業,0,14,100,http://www.drk.co.jp/,1962-11-28,1985-10-01,12,業務用冷凍冷蔵庫の大手。外食向け注力。全国サービス網を形成。\n業務用冷凍冷蔵庫の大手メーカー。省エネ型注力。全都道府県に営業・サービス網形成。好財務
0,6460,セガサミー,0,14,100,http://www.segasammy.co.jp/,2004-10-01,2004-10-01,3,総合娯楽メーカー。傘下にサミーとセガ。パチスロ、ゲームソフト注力。\n傘下にパチスロ大手サミー、ゲームソフトやアミューズメント機器・施設運営で大手のセガ
0,6461,日本ピストンリング,0,14,1000,http://www.npr.co.jp/,1934-12-20,1949-05-01,3,ピストンリング大手。大排気量用に強み。動弁機構部品も主力。\nピストンリングでシェア３割弱。トヨタなど日系中心、大排気量用強い。バルブシート高シェア
0,6462,リケン,0,14,1000,http://www.riken.co.jp/,1949-12-01,1952-05-01,3,ピストンリング最大手。日系自動車向けが主力。海外販売強化など提携。\nピストンリング首位、シェア５割弱。カムシャフト、シールリングも。日系の小型車向け多い
0,6463,ＴＰＲ,0,14,100,http://www.tpr.co.jp/,1939-12-03,1961-10-01,3,自動車エンジン部品製造。シリンダーライナーで世界首位。\nピストンリング国内２位級。シリンダライナ世界首位。１２年、樹脂部品のファルテック買収
0,6465,ホシザキ電機,0,14,100,http://www.hoshizaki.co.jp/,1947-02-05,2008-12-10,12,業務用厨房機器大手。業務用製氷器で首位。世界高シェア。M&Aに積極的。\n業務用厨房機器大手。冷凍冷蔵庫、食洗機は国内首位。製氷機世界シェア約３割。Ｍ＆Ａ積極的
0,6466,東亜バル,1,14,100,http://www.toavalve.co.jp/,2000-03-16,2000-03-15,9,バルブの製造販売・保守が主力。発電所向けに強み。メンテに注力。\nバルブ製販・メンテナンス等の事業が主軸。ＰＷＲ（加圧水型）原発向け高温高圧バルブに強み
0,6467,ニチダイ,2,14,100,http://www.nichidai.jp/,1967-05-01,2000-03-02,3,精密鍛造金型大手。自動車向けが中心。常温成型できる金型で国内首位。\n独立系金型メーカー。複雑形状の精密鍛造金型で強み。ターボチャージャー部品が第２の柱
0,6469,放電精密加工研究所,2,14,100,http://www.hsk.co.jp/,1961-12-21,1999-10-01,2,金属放電加工とアルミ押出用金型で国内首位。航空宇宙分野を開拓。\n放電加工専業で国内最大規模。アルミ押出用金型も首位。既存技術生かし航空宇宙分野を開拓中
0,6470,大豊工業,0,14,100,http://www.taihonet.co.jp/,1939-12-01,1999-03-04,3,自動車向け軸受けやアルミダイカスト製品、金型を手がける。トヨタ系。\nトヨタ系中堅。滑り軸受け（メタル）、ダイカスト製品、金型が３本柱。６割強がトヨタＧ向け
0,6471,日本精工,0,14,100,http://www.jp.nsk.com/,1916-11-08,1949-05-01,3,ベアリング最大手。自動車用軸受けや電動パワステ注力。海外展開先行。\nベアリング国内最大手。自動車部品や直動案内機器も。電動パワステ拡大中。アジア展開進む
0,6472,ＮＴＮ,0,14,1000,http://www.ntn.co.jp/,1934-03-19,1949-05-01,3,ベアリング大手。等速ジョイントは世界高シェアで積極展開。\nベアリング大手３社の一角。等速ジョイントは世界シェア２位、ハブベアリングは世界トップ
0,6473,ジェイテクト,0,14,100,http://www.jtekt.co.jp/,1935-01-18,1949-05-01,3,ベアリング大手。光洋精工と豊田工機が統合。ステアリングなど展開。\n光洋精工と豊田工機が合併、電動パワステ等自動車部品、車・産機向け軸受け、工作機械が３本柱
0,6474,不二越,0,14,1000,http://www.nachi-fujikoshi.co.jp/,1928-12-21,1949-05-01,11,工具、軸受け大手。自動車向け中心。産業用ロボットや工作機械も展開。\n工具、ベアリング、産業用ロボット大手。油圧機器、工作機械、特殊鋼も。高シェアの独自製品多い
0,6476,富士テクニカ宮津,2,14,100,http://www.fuji-miyazu.co.jp,1962-04-28,1998-03-12,3,自動車用プレス金型大手。溶接治具製造も柱。中国・インド向け中心。\n自動車用プレス金型で国内２位。１３年５月に国内投資ファンド・フェニックスが筆頭株主に
0,6478,ダイベア,1,14,1000,http://www.daibea.co.jp/,1947-06-09,1961-10-01,3,ジェイテクト系の軸受け中堅。薄肉軸受けや特殊品に強み。OEM生産が軸。\nジェイテクト系のベアリング中堅。１００％ＯＥＭ生産。薄肉ベアリングや特殊品に強み持つ
0,6480,日本トムソン,0,14,1000,http://www.ikont.co.jp/,1950-02-10,1963-10-01,3,直動案内機器とニードル軸受けの２本柱。少量多品種生産。複合メカトロも。\n半導体製造装置等向け直動案内機器が主力。２輪車用ニードル軸受けも。多品種少量生産に強み
0,6481,ＴＨＫ,0,14,100,http://www.thk.com,1971-04-10,1989-11-20,3,直動システム大手。工作機械向け主力。ＬＭガイドなど世界シェア首位。\n工作機械などに組み込まれる直動案内機器で世界シェア５割超。半導体製造装置用途も多い
0,6482,ユーシン精機,0,14,100,http://www.yushin.com/,1973-10-22,1996-12-12,3,成型品取り出しロボット専業。国内外で高シェア。世界展開推進。\nプラスチック成形品取り出しロボットが主力。特注機も展開。国内外とも１位。海外開拓に注力
0,6484,ＫＶＫ,2,14,1000,http://www.kvk.co.jp/,1949-01-25,1993-11-16,3,給水栓専業最大手。浴室・台所用が主力。中国・大連に子会社工場。\n給水栓専業首位メーカー。パナソニック系住宅設備会社が主納入先。中国でも販売、大連に工場
0,6485,前澤給装工業,0,14,100,http://www.qso.co.jp/,1957-01-23,1991-10-02,3,水道用給水器具で高シェア。給水バルブ、継ぎ手主力。セット製品育成。\n水道用給水装置シェア４割。需要家は水道事業体承認の業者。セット製品育成。好財務内容
0,6486,イーグル工業,0,14,100,http://www.ekkeagle.com/jp/,1964-10-01,1982-01-20,3,ＮＯＫ系の金属シール最大手。メカニカルシールが主力。特殊バルブも。\nＮＯＫ系列。メカニカルシール、特殊バルブの大手。自動車向け中心に船舶用や航空機用も
0,6487,積水工機製作所,1,14,1000,http://www.sekisuikouki.co.jp/,1961-03-01,1991-01-29,3,大型プラスチック金型が主力。自動車バンパー用など。押出成形機も。\n自動車バンパー用など大型プラ金型主体。三光合成の完全子会社化へ。７月２７日上場廃止
0,6488,ヨシタケ,2,14,100,http://www.yoshitake.co.jp/,1944-02-18,1990-10-11,3,自動調整弁専業メーカー。減圧弁、安全弁で首位。海外生産を拡大。\n自動調整弁の専業メーカー。建築設備、プラントなど用途幅広い。減圧、安全弁は国内首位
0,6489,前澤工業,0,14,100,http://www.maezawa.co.jp/,1947-09-26,1987-02-17,5,上下水道用機械大手。官公需比率が高い。沈砂池設備に強み。\n上下水道用機械専業大手。上水道と沈砂池等の下水道が半々。官公需９割超で民需開拓が課題
0,6490,日本ピラー工業,0,14,100,http://www.pillar.co.jp/,1948-05-22,1984-05-08,3,メカニカルシール大手。工業用金属シールで首位。フッ素樹脂にも強み。\n液体の漏れを防ぐメカニカルシールの業界大手。フッ素樹脂応用製品のピラフロンも手掛ける
0,6492,岡野バルブ製造,1,14,1000,http://www.okano-valve.co.jp/,1936-02-21,1962-04-01,11,発電用バルブ大手。原子力、火力向けに強み。保守点検も手掛ける。\n東電など電力向け大型高温高圧バルブ最大手。原子力・火力発電用バルブに強み。海外向け拡大
0,6494,ＮＦＫホールディングス,2,14,100,http://www.nfk-hd.co.jp/,1950-04-12,1963-05-30,3,工業炉燃焼機器主体。蓄熱型交互燃焼システムに強み。オリンピア工業と提携。\n工業炉用燃焼機器が主軸。省エネ実現の蓄熱型交互燃焼装置に強み。同業オリンピア工業と提携
0,6495,宮入バルブ製作所,1,14,100,http://www.miyairi-valve.co.jp/,1949-04-01,1963-09-01,3,ＬＰＧ容器用弁の大手。船舶用やLNG用も。機能付加を研究。\nＬＰＧ容器用バルブの老舗で業界２位。船舶用やＬＮＧ用も展開。低温液体用分野開発が課題
0,6496,中北製作所,1,14,1000,http://www.nakakita-s.co.jp/,1937-05-11,1971-12-01,5,自動調節弁で首位。船舶用主力で一括製造。発電所用も。多品種少量生産。\n自動調節弁のトップ。船舶用で遠隔操作装置まで一括製造する唯一のメーカー。多品種少量生産
0,6497,ハマイ,2,14,100,http://www.hamai-net.com/,1948-05-24,1972-06-19,12,ＬＰＧ容器用バルブで首位。燃料電池車用バルブ開発。海外展開も。\nＬＰＧ容器用バルブ首位、シェア約４割。韓国子会社で海外展開。燃料電池車用バルブも開発
0,6498,キッツ,0,14,100,http://www.kitz.co.jp/,1944-07-01,1961-10-01,3,工業用・量産バルブ専業国内最大手。建設からプラントまで一貫体制。\n総合バルブメーカー国内首位。建築設備、石油化学向け強い。海外展開加速。伸銅品も国内上位
0,6581,日立工機,0,14,100,http://www.hitachi-koki.co.jp/,1948-12-18,1949-05-01,3,日立系の電動工具大手。海外販売比率高い。中国強化。理化学機器も。\n日立製作所の子会社。電動工具大手、エンジン工具や食品機械、遠心機も、中国生産が８割
0,6586,マキタ,0,14,100,http://www.makita.co.jp/,1938-12-10,1962-08-01,3,電動工具最大手。海外で現地生産・販売進め、世界100カ国以上で販売。\n電動工具トップ。海外現地生産化で先行。現地販売強化。合理的経営に定評。配当性向３０％以上
0,7004,日立造船,0,14,100,http://www.hitachizosen.co.jp/,1934-05-29,1949-05-01,3,ゴミ焼却設備など環境が柱。機械、エネルギーなども。造船から撤退。\nゴミ焼却発電施設を柱に舶用機器など展開、圧力容器に強み。造船分離、Ｈｉｔｚが略称社名
0,7011,三菱重工業,0,14,1000,http://www.mhi.co.jp/,1950-01-11,1950-05-01,3,三菱系の中核で総合重機最大手。航空・宇宙に注力。産業機械なども。\n総合重機首位。火力発電所用ガスタービンはじめ、航空、防衛、造船、産業機械など事業幅広い
0,7013,ＩＨＩ,0,14,1000,http://www.ihi.co.jp/,1889-01-17,1949-05-01,3,総合重機大手。民間航空機エンジンで首位。ＬＮＧタンクなどに強み。\n総合重機大手。航空エンジン、大型ボイラー、ＬＮＧ貯蔵タンク等に強い。ＪＦＥと造船事業統合
0,7021,ニッチツ,1,14,1000,http://www.nitchitsu.co.jp/,1950-08-01,1951-10-01,3,船用機器と陸上産機が主力。ハッチカバーに強み。半導体向け精製珪石粉も。\n舶用ハッチカバーで高シェア。発電所用タービン容器や半導体封止材、住宅用石灰石も手掛ける
0,7726,黒田精工,1,14,1000,http://www.kuroda-precision.co.jp/,1949-04-05,1961-10-01,3,空気圧機器、ゲージが主力。直動関連機器や精密金型を強化中。\n精密加工技術生かした直動関連機器、精密金型強い。医療など新市場開拓中。Ｍ＆Ａで欧米拡大
0,7758,セコニック,1,14,1000,http://www.sekonic-hd.jp/,1951-06-16,1963-05-01,3,コニカミノルタからの複写機受託生産が主力。光学式マーク読み取り装置も。\nシェア高い露出計、入力機器など光学関連が収益柱。コニカミノルタから複写機関連の受託も
0,7991,マミヤ・オーピー,1,14,1000,http://www.mamiya-op.co.jp/,1948-02-23,1965-02-01,3,パチンコ向け電子機器が主力。国内ゴルフシャフトから撤退。紙幣搬送システムも。\nパチンコ周辺機器が稼ぎ頭。国内のゴルフシャフト事業は売却。紙幣搬送システムに進出
