0,3105,日清紡ホールディングス,0,15,100,http://www.nisshinbo.co.jp/,1907-02-05,1949-05-01,3,綿紡績老舗→非繊維部門拡大。ブレーキ摩擦材で世界首位。半導体なども。\n綿紡績名門。ブレーキ摩擦材はＭ＆Ａで世界トップ。半導体や防災無線も。不動産が安定収益源
0,4062,イビデン,0,15,100,http://www.ibiden.co.jp/,1912-11-25,1949-05-01,3,ICパッケージ、プリント配線板で首位。スマホ用が拡大。自動車の排ガス除去も大手。\nＩＣパッケージが主軸。インテル向けに加えスマホ用が急成長。自動車用の黒煙除去装置も大手
0,4902,コニカミノルタ,0,15,100,http://konicaminolta.jp/,1936-12-22,1949-05-01,3,複合機中堅で関連サービスも。液晶TACフィルムで世界高シェア。写真関連から撤退。\n複合機中堅。関連サービスも展開。液晶ＴＡＣフィルム世界シェア３割。Ｘ線撮影装置（ＤＲ）も
0,6448,ブラザー工業,0,15,100,http://www.brother.co.jp/,1934-01-15,1963-01-01,3,デジタル複合機が主力。中国生産で欧米へ輸出。ミシン首位級。\nＦＡＸ、プリンタなどデジタル複合機が主柱。中国等で生産し欧米中心に販売。ミシン首位級
0,6479,ミネベア,0,15,1000,http://www.minebea.co.jp/,1951-07-16,1961-10-01,3,極小軸受で世界高シェア。海外生産9割。航空関連部品も。Ｍ＆Ａ活用。\n極小ベアリングで世界シェア６割。スマホ用バックライト拡大中。Ｍ＆Ａ積極的。海外生産９割
0,6501,日立製作所,0,15,1000,http://www.hitachi.co.jp/,1920-02-01,1949-05-01,3,総合電機最大手。重電でもトップ。技術力に定評。構造改革推進。\n総合電機・重電首位で事業広範囲。総合路線見直し、インフラ系重視の戦略に。海外事業を拡大
0,6502,東芝,0,15,1000,http://www.toshiba.co.jp/,1904-06-25,1949-05-01,3,総合電機大手。半導体、原子力には定評。医療機器、ＯＡ機器も強い。\n総合電機大手。ＮＡＮＤ型フラッシュメモリと社会インフラが軸。傘下に原子力の米国ＷＨ社
0,6503,三菱電機,0,15,1000,http://www.mitsubishielectric.co.jp/,1921-01-15,1949-05-01,3,総合電機大手。防衛・宇宙関連で先行。家電、電力用半導体にも特色。\n総合電機大手。ＦＡが収益柱。空調「霧ヶ峰」や太陽光発電を含む家電、電力用半導体に特長
0,6504,富士電機,0,15,1000,http://www.fujielectric.co.jp/,1923-08-29,1949-05-01,3,古河系で重電準大手。自販機首位。半導体も。独シーメンスと提携。\n重電大手。火力発電設備は海外中心、パワエレ機器や自販機、電力用半導体も。収益は下期偏重
0,6505,東洋電機製造,0,15,1000,https://www.toyodenki.co.jp/,1918-06-20,1949-05-01,5,駆動装置など鉄道車両用電機品の大手。産業向けにも注力。\n電車用駆動装置・パンタグラフの製造大手。永久磁石モーターに強み。自動車試験装置を強化
0,6506,安川電機,0,15,100,http://www.yaskawa.co.jp/,1915-07-01,1949-05-01,320,メカトロ製品大手。サーボモーターとインバーターで世界トップ。\n独自制御技術でサーボモーターとインバーター世界首位。産業用ロボットも累積台数世界首位
0,6507,シンフォニア,0,15,1000,http://www.sinfo-t.jp/,1949-08-18,1952-02-01,3,重電から電子精密へ転換。搬送装置や制御機器を展開。太陽パネルも。\n半導体搬送や航空、制御機器を展開。太陽パネル等設備工事も。神鋼系から自立。利益期末偏重
0,6508,明電舎,0,15,1000,http://www.meidensha.co.jp/,1917-06-01,1949-05-01,3,住友系の重電中堅。水処理制御システムに強み。自動車用試験装置で首位。\n１８９７年発祥、重電５位。発電・変電・制御装置。水処理関連設備や自動車用試験装置に強み
0,6513,オリジン電気,0,15,1000,http://www.origin.co.jp/,1938-05-01,1961-10-01,3,電源3社の一角。通信・産機用電源、メカトロ、合成樹脂塗料を3本柱。半導体も。\n電源３社の一角。通信用や産業装置用の電源機器と合成樹脂塗料が２本柱。メカトロにも展開
0,6516,山洋電気,0,15,1000,http://www.sanyodenki.co.jp/,1936-12-31,1962-09-01,3,サーボモーター・冷却ファン・電源が３本柱。高性能、高品質で差別化。\nＮＴＴ向け電源が発祥。工作機械など設備向けサーボモーターや、通信機器用冷却ファンが柱
0,6517,デンヨー,0,15,100,http://www.denyo.co.jp/,1948-07-02,1980-09-10,3,溶接機、発電機首位。可搬式に定評。エンジンコンプレッサーも展開。\n可搬型エンジン発電機・溶接機でトップ。震災機に非常用電源の用途拡大。米国、アジアで生産
0,6518,三相電機,2,15,1000,http://www.sanso-elec.co.jp/,1957-10-11,1995-09-06,3,独立系のモーター・ポンプ専業。技術提案型に定評。中国にシフト。\n各種モーター、ポンプとモーター応用製品、部品の製造。技術提案型に定評。中国シフト進む
0,6588,東芝テック,0,15,1000,http://www.toshibatec.co.jp/,1950-02-21,1962-11-01,3,ＰＯＳシステム大手。国内外で高シェア。デジタル複合機も展開。\nＰＯＳなど流通端末で国内シェア５割、１２年ＩＢＭ事業譲受で世界首位に。海外主体に複合機も
0,6590,芝浦メカトロニクス,0,15,1000,http://www.shibaura.co.jp/,1939-10-12,1969-10-01,3,液晶・半導体の製造装置メーカー。液晶向け洗浄装置で世界トップ。自販機も。\nＦＰＤや半導体等の製造装置メーカー。東芝系。液晶関連強く同洗浄装置で世界首位。自販機も
0,6591,西芝電機,1,15,1000,http://www.nishishiba.co.jp/,1950-02-21,1973-04-01,3,東芝系で船舶用電機の最大手。発電装置が主体。制御システムにも強み。\n船舶用電機最大手、コージェネ等発電装置と２本柱。配電・制御等にシステム展開。東芝グループ
0,6592,マブチモーター,0,15,100,http://www.mabuchi-motor.co.jp/,1954-01-18,1984-07-04,12,小型モーターで世界高シェア。全量海外生産。自動車電装機器向け主力。\n車載用軸に小型モーター世界シェア５割以上。中国、ベトナムなど全量海外生産。音響縮小傾向
0,6593,ローヤル電機,2,15,100,http://www.royal-elec.co.jp/,1955-05-24,1986-09-25,12,小型送風機大手。複写機や工作機械向け。小田原エンジニアリング傘下。\n複写機向け小型送風機大手。工作機械向け等の自動巻線機も。小田原エンジニアリングの傘下
0,6594,日本電産,0,15,100,http://www.nidec.com/ja-jp/,1973-07-23,1988-11-07,3,精密モーター大手。ＨＤＤ用で世界首位。車載用強化。Ｍ＆Ａに積極的。\n世界首位のＨＤＤ用など精密小型モーターから車載、産業用など中大型にシフト。買収積極的
0,6616,ＴＯＲＥＸ,2,15,100,http://www.torex.co.jp/,1995-03-31,2014-04-08,3,電子機器用、電圧制御回路の製造販売。自動車、産業機器に強み。\nアナログ電源ＩＣのファブレスメーカーで後工程のみ自社製造。自動車や産業機器分野に強み
0,6617,東光高岳,0,15,100,http://www.tktk.co.jp/,2012-10-01,2012-10-01,3,東電系で依存度大。送配電機器が主力。12年10月に高岳と東光電が統合。\n東電系電力機器の高岳製作所、東光電気が１２年に株式移転で設立。１４年４月に経営完全統合
0,6618,大泉製作所,4,15,100,http://www.ohizumi-mfg.jp/,1944-03-25,2012-06-22,3,自動車やエアコンに組み込む温度センサーが主力。自動車はデンソー向け。\nサーミスタ利用の温度センサーが主力。自動車、空調向けが両輪。自動車はデンソー向け中心
0,6619,ダブル・スコープ,4,15,100,http://w-scope.co.jp,2005-10-14,2011-12-16,12,リチウムイオン電池セパレーターの専業メーカー。韓国で生産。中国を中心に世界で販売。\nリチウムイオン電池セパレーター専業メーカー。日本本社だが、生産は韓国、販売先は米・中国
0,6620,宮越ホールディングス,0,15,100,http://www.miyakoshi-holdings.com/,2011-10-03,2011-10-03,3,中国で不動産賃貸が主力。中国事業拡大。欧州などのテレビ販売は縮小。\n旧クラウン。中国の不動産賃貸が柱。家電の海外販売は縮小。１１年持株会社化。経営に不透明感
0,6622,ダイヘン,0,15,1000,http://www.daihen.co.jp/,1919-12-01,1953-11-01,3,電力機器、溶接機大手。電力向け小型変圧器、アーク溶接機器ともに首位。\n電力向け小型変圧器首位。アーク溶接機器は国内首位、世界大手の一角。半導体製造装置用も
0,6623,愛知電機,8,15,0,http://www.aichidenki.jp/,1942-05-27,1961-10-01,3,中部電力系の柱上変圧器大手。モーター応用製品で多角化推進。\n中部電力系の変圧器メーカー。柱上変圧器に強み。モーター応用製品で多角化。ＩＴ分野強化
0,6624,田淵電機,0,15,100,http://www.zbr.co.jp/,1939-12-25,1985-11-19,3,電子機器トランス・電源メーカー。中国、タイなど海外6割生産。\n電子機器トランス、電源、パワーコンディショナーを製造。生産は中国、タイ、ベトナムなど
0,6625,ＪＡＬＣＯ,2,15,100,http://www.jalco-hd.com/,2011-10-03,2011-10-03,3,パチンコ等中古遊技機販売・レンタルを主力。アミューズメント事業に特化。\n中古遊技機器レンタル、ホール向け貸金、不動産オフバランス等アミューズメント事業に特化
0,6626,ＳＥＭＩＴＥＣ,2,15,100,http://www.semitec.co.jp/,1958-03-13,2011-06-29,3,事務機や医療機器向け温度センサーなどを製造販売する。\nセンサー専業。柱の事務機器向けを中心に家電、産業機器向けなど幅広い。カスタム品に強み
0,6627,テラプローブ,4,15,100,http://www.teraprobe.com/,2005-08-04,2010-12-16,3,半導体製造のテスト工程を受託。DRAMやLSI向け展開。米マイクロン傘下。\n半導体のテスト工程等受託。筆頭株主は旧エルピーダ。マイクロングループ向け売上高が約半分
0,6628,オンキヨー,2,15,100,http://www.jp.onkyo.com/,2010-10-01,2010-10-01,3,音響の老舗。高級品に強み。自動車部品ＯＥＭ事業。パイオニアAV買収。\n音響老舗。車載用音響などＯＥＭ事業も手掛ける。ティアックと提携。パイオニアＡＶ機器買収
0,6629,Ｔホライゾン,2,15,100,http://www.technohorizon.co.jp/,2010-04-01,2010-04-01,3,情報通信機器や光学機器の開発、販売、製造。レンズの技術大。\nタイテックと買収エルモ社の共同持株会社。電子機器はＦＡ関連、光学機器はレンズ技術に強み
0,6630,ヤーマン,0,15,100,http://www.ya-man.com/,1978-05-27,2009-12-24,4,家庭用美容健康機器の製造・販売。量販店と通販が主力。化粧品も。\n美顔器や痩身器具など家庭用美容、健康機器メーカー。化粧品も販売。通販や家電量販店が販路
0,6632,ＪＶＣケンウッド,0,15,100,http://www.jvckenwood.com/,2008-10-01,2008-10-01,3,ビクターとケンウッドが統合。AV機器、車載、業務用に注力。IBMと映像分析を開発。\n日本ビクターとケンウッドが経営統合。市販製品絞り込み、業務用システムと車載機器に重点
0,6633,Ｃ＆Ｇシステムズ,2,15,100,http://www.cgsys.co.jp/,2007-07-02,2007-07-02,12,金型ＣＡＤ・ＣＡＭソフト会社。金型は北米展開。アジア開拓に注力。\n金型・ＣＡＤ／ＣＡＭ２社が合併。金型は米国市場で展開。ＣＡＤ／ＣＡＭはアジア市場開拓へ
0,6634,ネクスグループ,2,15,100,http://www.ncxxgroup.co.jp/,1984-04-21,2007-06-22,11,機器間通信(M2M)モジュール、ルーター等を開発・販売。ネット旅行業に参入。フィスコ傘下。\nルーター、データカード等を開発・販売。子会社でネット旅行「ｅ−旅ｎｅｔ」。１２年フィスコ傘下
0,6635,大日光,2,15,100,http://www.dne.co.jp/,1979-09-17,2007-03-22,12,電子部品実装受託加工が主柱。キヤノン向け８割。日中両国に販売拠点。\n配線基板実装、一眼レフ用レンズ組み立てが柱、国内カメラ最大手向け中心。ＮＣネットと提携
0,6636,ＳＯＬＨＤ,2,15,100,http://www.sol-hd.jp/,1970-12-04,2007-03-20,3,半導体評価試験システムの開発を手掛ける。バイオ燃料事業に参入。\n半導体テスト開発の受託。ルネサスやソニー向けが中心。インドネシア等でバイオ燃料事業開始
0,6637,寺崎電気産業,2,15,100,http://www.terasaki.co.jp/,1980-04-01,2007-03-16,3,配電制御システム大手。船舶用の技術は世界トップクラス。遮断器も。\n船舶、産業用の配電制御システムメーカー。国内シェア首位。海外でも積極展開。医療装置も
0,6638,ミマキエンジニアリング,0,15,100,http://www.mimaki.co.jp/,1981-05-01,2007-03-15,3,広告・看板向け大型プリンター製造。世界首位級。衣料向けにも注力。\n広告・看板向けインクジェット（ＩＪ）プリンタで世界首位級。家電向け等産業用途開拓に重点
0,6639,コンテック,1,15,100,http://www.contec.co.jp/,1975-04-01,2007-03-14,3,産業用パソコン大手。周辺機器や制御用機器開発も。ＥＭＳを展開。\n産業用パソコン大手。周辺機器や無線ＬＡＮ機器など総合展開。親会社ダイフク向けＥＭＳも
0,6640,第一精工,0,15,100,http://www.daiichi-seiko.co.jp/,1963-07-10,2006-11-17,12,コネクター大手。細線同軸に強み。車載用センサーにも注力。\nコネクター大手。導電性の高い細線同軸コネクターに強み。ＯＥＭ主体から自主事業にシフト
0,6641,日新電機,0,15,100,http://nissin.jp/,1917-04-11,1949-05-01,3,住友電工系の電力機器メーカー。重電が主力。半導体製造関連装置拡充。\n住友電工傘下の電力機器メーカー。重電専業から出発、ディスプレーや半導体製造関連装置拡充
0,6643,戸上電機製作所,1,15,1000,http://www.togami-elec.co.jp/,1925-03-12,1961-10-01,3,高圧電力配電制御システム。電力向け依存度大。中国生産拡大。\n高圧負荷開閉器主力の配電制御システム機器メーカー。電力向け約４割、中国にも生産現法
0,6644,大崎電気工業,0,15,1000,http://www.osaki.co.jp/,1937-01-26,1962-01-01,3,電力量計首位。電力会社向け比率大。ＦＰＤ関連装置が高収益。\n電力量計で国内首位、売上高の過半は電力会社向け。子会社にＦＰＤ用製造装置の大崎エンジ
0,6645,オムロン,0,15,100,http://www.omron.co.jp/,1948-05-19,1962-04-01,3,制御機器大手。感知・制御技術が得意。車載部品や健康器具も展開。\n感知・制御技術が基盤。稼ぎ頭は制御機器。リレー等電子部品や車載部品を展開。ヘルスケアも
0,6647,森尾電機,1,15,1000,http://www.morio.co.jp/,1936-12-25,1962-09-01,3,電機部品メーカー。鉄道車両用が主力。ＪＲ向けの比率高い。\n電装品メーカーのパイオニア。主力の鉄道車両向け電気機器が約８割。納入先はＪＲが多い
0,6648,かわでん,2,15,100,http://www.kawaden.co.jp/,1940-06-20,2004-11-25,3,配電制御設備メーカー。カスタム型で首位。中大型に強み。\n再上場前は川崎電気。カスタム型配電制御設備の専業最大手。一貫生産体制で、中大型に強み
0,6651,日東工業,0,15,100,http://www.nito.co.jp/,1948-11-24,1981-01-13,3,電設資材の配電盤とキャビネットで大手。制御盤も主力。製販一貫体制。\n電設資材のキャビネットでトップ。配電盤でも大手。製販一貫体制。情報通信関連分野に注力
0,6652,ＩＤＥＣ,0,15,100,http://jp.idec.com/ja/top,1947-03-26,1982-11-24,3,制御機器大手。スイッチや表示灯に強み。自動認識や防災関連強化。\n制御機器専業メーカー。操作スイッチ、表示ランプに強み。太陽光発電、自動認識機器など育成
0,6653,正興電機製作所,11,15,0,http://www.seiko-denki.co.jp/,1930-07-24,1990-10-24,12,受変電設備・開閉装置が主力。九電と日立向けの納入に強み。\n電力向け受変電設備・開閉装置が中心。九電、日立と密接。制御・情報システム技術で広く展開
0,6654,不二電機工業,0,15,100,http://www.fujidk.co.jp/,1958-05-20,1994-06-23,1,制御用開閉器大手。電力向けが主力。電子応用機器に展開。海外強化。\n制御用開閉器で高シェア。電子応用機器に展開。電力向け多い。一部直販制。海外市場も狙う
0,6655,東洋電機,9,15,0,http://www.toyo-elec.co.jp/,1947-07-31,1997-01-29,3,センサー、変圧器中堅。エレベーター用センサーで首位級。耐雷変圧器にも強み。\n電子制御装置、配電機器メーカー。エレベーター用センサーでは首位級。耐雷変圧器にも強み
0,6656,インスペック,4,15,100,http://www.inspec21.com/,1991-06-18,2006-06-21,4,半導体や液晶向けの外観検査装置メーカー。海外展開を狙う。\n精密プリント基板の最終外観検査装置（ＡＶＩ）・パターン検査装置（ＡＯＩ）を製造。台湾に販社
0,6658,シライ電子工業,2,15,100,http://www.shiraidenshi.co.jp/,1970-01-09,2006-03-13,3,プリント配線板専業中堅。両面・低多層が主体。開発・供給一貫体制。\nプリント配線板専業の中堅メーカー。リジッド配線板の両面、低多層プリント配線板が主体
0,6659,メディアＧＬ,2,15,100,http://www.medialinks.co.jp/,1993-04-12,2006-03-09,3,放送・通信機器の開発・販売。放送と通信の技術融合目指す。RDファブレス。\n放送や通信系機器の開発、販売。ファブレスメーカー。開発部員が従業員の半数近く占める
0,6661,オプテックス・エフエー,2,15,100,http://www.optex-fa.jp/,2002-01-07,2005-08-31,12,FA光電センサーが主力。独ジック社向け比率高い。ファブレス経営。\nＦＡ用光電センサーが主、ファブレス経営。提携先の独ジック社向けが販売の５割。ＬＥＤ育成
0,6662,ユビテック,2,15,100,http://www.ubiteq.co.jp/,1977-11-17,2005-06-14,6,オリックス系。ATM紙幣鑑別センサーと車・住宅向け省エネ装置が軸。携帯電話評価も。\nオリックス系。紙幣鑑別センサーと車載機器、ビル省エネ装置が柱。無線ネット技術に強い
0,6663,太洋工業,2,15,100,http://www.taiyo-xelcom.co.jp/,1960-12-02,2004-12-02,1220,フレキシブルプリント基板の試作品メーカー。多品種小ロットに強み。\nフレキシブルプリント基板（ＦＰＣ）の試作品メーカー。一貫生産に強み。基板検査装置も製造
0,6664,オプトエレクトロニクス,2,15,100,http://www.opto.co.jp/,1976-12-10,2004-11-17,11,バーコードリーダー大手。レーザーエンジンで国内首位、世界２位。\nバーコードリーダーのレーザーエンジン世界２位、国内シェア９割。開発型企業、海外比率高い
0,6666,リバーエレテック,2,15,100,http://www.river-ele.co.jp/,1951-03-09,2004-08-27,3,電子部品メーカー。水晶振動子などが主力。独自技術に定評。\n水晶振動子等の電子部品の製造・販売を手掛ける。電子ビーム封止工法など独自技術に定評
0,6668,ＡＤプラズマ,1,15,100,http://www.adtec-rf.com/,1985-01-26,2004-07-26,8,高周波プラズマ電源装置最大手。半導体製造装置向け主力。\nプラズマ用高周波電源装置で世界３位。液晶・半導体製造用が主柱。研究機関・大学関連事業も
0,6669,シーシーエス,2,15,100,http://www.ccs-inc.co.jp/,1993-10-06,2004-06-08,7,LED照明装置専業。製品検査用画像処理装置向けが主力。自然光LEDに参入。\nＬＥＤ照明装置専業。電子等の製品検査用画像処理装置向け国内首位。自然光ＬＥＤを育成中
0,6670,ＭＣＪ,1,15,100,http://www.mcj.jp/,2000-09-01,2004-06-01,3,パソコンを受注生産、ネット直販。周辺機器、通信、メディアと事業拡大。\nパソコン製造・販売が起点。周辺機器、通信、メディア事業と事業領域広げ総合ＩＴ企業を志向
0,6674,ＧＳユアサ,0,15,1000,http://www.gs-yuasa.com/jp/,2004-04-01,2004-04-01,3,鉛蓄電池大手。YUASAと日本電池が統合。リチウム電池にも注力。\nＹＵＡＳＡと日本電池が前身。自動車用鉛蓄電池で世界３位、リチウムイオン電池の育成注力
0,6675,サクサホールディングス,0,15,1000,http://www.saxa.co.jp/,2004-02-02,2004-02-02,3,電話機大手。ＩＰビジネスホンと防犯システムを融合し展開。\n情報通信やセキュリティ機器、画像領域を融合させたシステムなどを企業や学校などで展開
0,6676,メルコホールディングス,0,15,100,http://melco-hd.jp/,1999-10-01,2003-10-01,3,無線LAN機器などPC周辺機器のバッファローを傘下。ＨＤＤを強化。\nＰＣ周辺機器のバッファローが傘下。無線ＬＡＮ上位。ネットワーク対応ＨＤＤ（ＮＡＳ）を強化
0,6677,エスケーエレ,2,15,100,http://www.sk-el.co.jp/,2001-10-01,2003-09-18,9,フォトマスク専業。大型液晶表示装置向けで世界高シェア。\nフォトマスク専業。大型液晶パネル用世界首位。イメージングデバイスなど新事業開発に挑戦中
0,6678,テクノメディカ,0,15,100,http://www.technomedica.co.jp/,1987-09-08,2003-09-17,3,採血管準備装置を開発。消耗品が主力。検査装置も販売。海外展開。\n採血管準備装置を開発し市場を創造。同装置・消耗品が柱。ファブレスが基本。海外にも展開
0,6701,ＮＥＣ,0,15,1000,http://jpn.nec.com/,1899-07-17,1949-05-01,3,ハイテクの代表企業。通信設備で首位。ＩＴ機器に強み。システム開発に力。\n通信インフラ設備で国内首位。ＩＴサービスを強化。顔認証技術の国内外での展開を進める
0,6702,富士通,0,15,1000,http://jp.fujitsu.com/,1935-06-20,1949-05-01,3,コンピューターで世界首位級。半導体なども。公共向け比率高い。\n情報通信系電機大手。ＩＴサービス、サーバーで国内首位。官需依存大。パソコン、電子部品も
0,6703,沖電気工業,0,15,1000,http://www.oki.com/jp/,1949-11-01,1951-11-01,3,通信機大手。ＡＴＭなどで高シェア。海外でプリンター拡販。ＥＭＳに力。\n通信機老舗。交換機依存から光通信網等総合サービス化、銀行ＡＴＭやプリンタ、ＥＭＳが柱
0,6704,岩崎通信機,0,15,1000,http://www.iwatsu.co.jp/,1938-08-14,1957-03-01,3,情報通信機器中堅。オフィス向け中心。計測器、製版システムも展開。\n情報通信機器の中堅メーカー。中小企業向けビジネスホンが主力、計測機器や製版事業も注力
0,6706,電気興業,0,15,1000,http://www.denkikogyo.co.jp/,1950-06-01,1961-10-01,3,大型通信アンテナの製造、工事手掛ける。独自の高周波焼入れ技術。\n大型通信アンテナの製造、工事。地上デジタル放送関連で注目。高周波焼き入れ技術にも特色
0,6707,サンケン電気,0,15,1000,http://www.sanken-ele.co.jp/,1946-09-05,1961-10-01,3,半導体デバイスが主力。通信・民生用電源も展開。自動車と家電向け注力。\n独立系パワー半導体大手。半導体技術を核に応用製品展開。自動車と白モノ家電向けを強化中
0,6709,明星電気,1,15,1000,http://www.meisei.co.jp/,1938-02-20,1962-06-01,3,気象・防災用観測装置と人工衛星用観測機器が両輪。ＩＨＩ子会社。\n地震計等の気象・防災観測機器と人工衛星用観測機器が２本柱。官需過半。１２年ＩＨＩ子会社に
0,6715,ナカヨ,0,15,1000,http://www.nyc.co.jp/,1944-05-30,1974-10-01,3,日立系の電話機・交換機の中堅。ネット関連端末機器へシフト。\n電話機、交換機の中堅メーカー。日立、ＮＴＴ東西向けの取引が多い。ＰＨＳモジュール育成中
0,6716,テクニカル電子,2,15,1000,http://www.technical-e.co.jp/,1952-05-02,1985-11-13,3,業務用モニターの老舗。放送局向けなどが主力。駐車場機器・運営も柱。\n駐車場機器・運営が主で大和リースと提携。旧中央無線の電子部品も。不動産縮小、新分野開拓
0,6718,アイホン,0,15,100,http://www.aiphone.co.jp/,1959-03-16,1990-11-05,3,インターホン首位。住宅用ＴＶホンが主力。防犯・防災とケア市場強化。\nインターホン業界トップ。リニューアル需要や防犯、防災関連強化。北米、欧州向け積極化
0,6719,富士通コンポーネント,1,15,100,http://www.fcl.fujitsu.com/,2001-09-17,2001-09-14,3,リレー、タッチパネルを中心に電子部品を製販。通信用、家電用に強み。\n富士通の上場子会社。リレー、タッチパネル軸に各種電子部品を展開。車載、産業用を開拓中
0,6721,ウインテスト,1,15,100,http://www.wintest.co.jp/,1995-07-01,2003-09-03,7,液晶、ＣＣＤ関連デバイス向け検査装置が主力。有機ＥＬ向けなど強化。\n半導体（イメージセンサー）、液晶向け検査装置が主力。生産は外部に委託。パワーＩＣ用拡大
0,6722,エイアンドティー,2,15,100,http://www.aandt.co.jp/,1978-05-25,2003-07-30,12,トクヤマ系で臨床検査装置が主力。検査試薬も。日本電子と提携。\n病院向け臨床検査機器システムメーカー。トクヤマの子会社。日本電子と提携。中国に本格進出
0,6723,ルネサス,0,15,100,http://japan.renesas.com/,2002-11-01,2003-07-24,3,半導体大手。ルネサスとNECエレが統合。車載用マイコンで世界トップ。\nＮＥＣエレとルネサステクが統合。車載用マイコン世界首位級。官製ファンド傘下で経営再建中
0,6724,セイコーエプソン,0,15,100,http://www.epson.jp/,1959-09-01,2003-06-24,3,プリンター大手。インクジェットで首位級。光学部品にも独自技術。\nインクジェットプリンタ（ＩＪＰ）国内首位級。インク消耗品が好採算。ビジネス用途にも進出
0,6727,ワコム,0,15,100,http://www.wacom.com/,1983-07-12,2003-04-24,3,タブレット大手。ペン入力で世界トップ。ＣＡＤソフトの開発も。\nペン入力のタブレットで世界首位。他社製ＰＣやモバイル端末向けに電子ペンシステムも開発
0,6728,アルバック,0,15,100,https://www.ulvac.co.jp/,1952-08-23,2004-04-20,6,薄型ディスプレー製造装置大手。真空技術に定評。分社経営。海外拡大。\n真空技術を中核にＦＰＤ、半導体、太陽電池製造装置などへ展開。スパッタリング装置で有力
0,6730,アクセル,0,15,100,http://www.axell.co.jp/,1996-02-01,2002-12-18,3,画像処理や音声出力用のファブレス半導体メーカー。パチンコ向け中心。\n描画表示、音源用ＬＳＩのファブレスメーカー。パチンコ機向け大半。組み込み機器向けも注力
0,6731,ピクセラ,1,15,100,http://www.pixela.co.jp/,1982-06-21,2002-12-10,9,デジタル家電向けチューナー主力。ＶＯＤ端末などに展開。\nＰＣ向けチューナーや回線事業者向けチューナーが柱。ＶＯＤ端末などの新分野育成を急ぐ
0,6734,ニューテック,2,15,100,http://www.newtech.co.jp/,1982-03-15,2002-07-24,2,ストレージの開発と製販。ファブレス経営に特色。低価格品に強み。\nサーバー等に接続するストレージ製造・販売。同業・台湾プロミス社と協業。製造はファブレス
0,6736,サン電子,2,15,100,http://www.sun-denshi.co.jp/,1971-04-16,2002-03-20,3,パチンコ制御基板が主力。モバイルデータ転送装置やゲームソフト開発も。\nパチンコから情報・通信分野に軸足をシフト。モバイル関連ビジネスが新たな成長柱に
0,6737,ＥＩＺＯ,0,15,100,http://www.eizo.co.jp/,1968-03-06,2002-03-12,3,ディスプレー専業。ＰＣや娯楽施設向けが主力。医療用を内外で拡販。\nＰＣや遊技機用ディスプレー専業メーカー。医療、産業など特定用途育成。欧州で高占有。無借金
0,6740,ジャパンディスプレイ,0,15,100,http://www.j-display.com/,2002-10-01,2014-03-19,3,産業革新機構が出資し中小型ディスプレーデバイスの製造販売が主力。\n中小型液晶パネルで世界首位級。官製ファンド傘下で日立、東芝、ソニーの事業を統合し発足
0,6741,日本信号,0,15,100,http://www.signal.co.jp/,1928-12-27,1949-05-01,3,信号メーカー大手の一角。鉄道・交通信号が主力。自動改札機にも注力。\n３大信号会社のトップ。鉄道、交通信号とも強い。自動出改札装置など駅務合理化機器に注力
0,6742,京三製作所,0,15,1000,http://www.kyosan.co.jp/,1917-09-03,1949-05-01,3,信号メーカー大手の一角。ＪＲ向け鉄道信号が主力。電源装置も柱。\n信号大手の一角、民鉄に強い。鉄道信号、道路信号、産業機器用電源装置が３本柱。下期偏重
0,6743,大同信号,1,15,1000,http://www.daido-signal.co.jp/,1949-12-20,1962-09-01,3,信号機大手。鉄道主力でＪＲ向け中心。列車制御等システム製品に強み。\n３大信号会社の一角でＪＲが主顧客。列車制御装置や設備監視向けなどシステム製品に強み
0,6744,能美防災,0,15,100,http://www.nohmi.co.jp/,1944-05-05,1962-12-01,3,セコム傘下の総合防災機器大手。メンテ事業拡大に注力中。\n火災報知設備、消火設備などの防災機器メーカー最大手。メンテ事業拡大に注力中。セコム系列
0,6745,ホーチキ,0,15,100,http://www.hochiki.co.jp/,1918-04-02,1963-07-01,3,日本初の火災報知器メーカーで高シェア。防災関連を幅広く扱う。\n日本初の火災報知器メーカー。防災関連２位。放送受送信機も。ＡＬＳＯＫ、独ボッシュと提携
0,6747,ＫＩホールディングス,1,15,1000,http://www.koito-ind.co.jp/,1947-09-22,1988-03-01,9,小糸製作所系で照明・信号機大手。鉄道、航空機関向けシートなども。\n小糸系。交通信号・情報機器と電装品など鉄道関連が両軸。航空機シート不正による影響弱まる
0,6748,星和電機,1,15,100,http://www.seiwa.co.jp/,1949-01-18,1989-12-08,3,表示機器大手。道路向けに強み。防爆形・耐食防水形照明器具で先駆。\nプラント向け防爆照明で首位。道路表示装置で官公需に強み。ノイズ対策品育成。利益下期偏重
0,6750,エレコム,0,15,100,http://www.elecom.co.jp/,1948-06-03,2006-11-22,3,ＰＣ周辺機器大手。マウスとキーボードで首位。家具など企画開発も。\nＰＣ周辺機器大手。マウス、キーボード首位。スマホ周辺機器も強い。ファブレス経営。海外強化
0,6751,日本無線,0,15,1000,http://www.jrc.co.jp/,1949-10-01,1953-02-01,3,日清紡系の無線通信機老舗。船舶用、防衛関連など展開。民需開拓。\n船舶用・防衛関連、防災行政無線など無線通信機器の老舗。日清紡系。海外、民需開拓に注力中
0,6752,パナソニック,0,15,100,http://panasonic.co.jp/,1935-12-15,1949-05-01,3,家電最大手。ＡＶ機器、白物家電が主力。環境エナジー分野に軸足。\n総合家電大手。ＡＶ機器、白モノ家電が主力。電池などのデバイス事業、照明、住宅設備も展開
0,6753,シャープ,0,15,1000,http://www.sharp.co.jp/,1935-05-02,1949-05-01,3,電機大手。液晶パネルが主力。太陽電池、ＬＥＤに注力。再建途中。\n電機大手。液晶パネルの独自技術に強み。電子部品、白モノ家電、電子部品等展開。経営再建中
0,6754,アンリツ,0,15,100,http://www.anritsu.com/ja-JP/,1950-10-06,1961-10-01,3,携帯電話・基地局向けなどの計測機器大手。海外でも高シェア。産業機械も。\n通信系計測器の有力企業。携帯電話や基地局に強い。海外でも高シェア。食品向け産業機械も
0,6755,富士通ゼネラル,0,15,1000,http://www.fujitsu-general.com/jp/,1936-01-15,1955-09-01,3,富士通傘下。エアコンなどリビング部門主力。欧州、豪州で高シェア。\n富士通系。エアコン主力。欧州、豪州、中東で高シェア、新興国を開拓中。生産拠点は中国とタイ
0,6756,日立国際電気,0,15,1000,http://www.hitachi-kokusai.co.jp/,1949-11-17,1961-09-01,3,日立系。無線、半導体製造装置で有力。放送・映像も柱。\n国際電気、日立電子、八木アンテナが合併。無線、半導体製造装置で有力。日立製作所子会社
0,6757,ＯＳＧコーポレーション,2,15,100,http://www.osg-nandemonet.co.jp/,1970-08-29,2001-08-23,1,家庭用軸に浄水器を製販。アルカリイオン整水器も。メンテまで一貫制。\n浄水器、アルカリイオン整水器で製販、メンテの一貫体制。開拓営業に強み。中国でも現地生産
0,6758,ソニー,0,15,100,http://www.sony.co.jp/,1946-05-07,1958-12-01,3,AV機器世界大手。映画、ゲーム、金融も展開。デバイス事業強化。\nＡＶ機器大手。海外でブランド力絶大。イメージセンサー、ゲーム、映画・音楽分野に重点
0,6762,ＴＤＫ,0,15,100,http://www.tdk.co.jp/,1935-12-07,1961-09-01,3,電子部品大手。ＭＲヘッド外販で世界首位。HDD用磁気ヘッドなど収益源。\n電子部品大手。収益柱はＨＤＤ用磁気ヘッド。コンデンサーなど受動部品、２次電池も展開
0,6763,帝国通信工業,0,15,1000,http://www.noble-j.co.jp/,1944-08-01,1961-10-01,3,可変抵抗器大手。前面操作パネルが収益の柱。海外開拓進める。\n可変抵抗器の老舗。主力の家電向け前面操作ブロックは家電から車載へ。ブランドは「ノーブル」
0,6767,ミツミ電機,0,15,100,http://www.mitsumi.co.jp/,1949-04-01,1961-10-01,3,電子部品大手。通信機能付き機器向けやゲーム機構部品が主力。\n電子部品の総合大手。スマホなど通信機器向け部品が主体。大手ゲーム機の機構部品も手掛ける
0,6768,タムラ製作所,0,15,1000,http://www.tamura-ss.co.jp/,1939-11-21,1961-10-01,3,弱電用トランスの大手。ハンダ付装置、電子材料、半導体など多角化。\nトランス、リアクター大手。はんだ材料、絶縁膜、子会社でＬＥＤも展開。海外生産が７割強
0,6769,ザインエレクトロニクス,2,15,100,http://www.thine.co.jp/,1992-06-23,2001-08-01,12,ファブレス半導体企業。特定用途向け標準品を開発。車載向け注力。\nファブレス半導体企業の草分け。自社ブランドの集積回路を開発。テレビから産機軸に構造転換
0,6770,アルプス電気,0,15,100,http://www.alps.com/j/,1948-11-01,1961-10-01,3,電子部品大手。車載・家電向けなど高シェア。金型の精密加工技術に強み。\n電子部品大手。金型の精密加工技術に強み。売上高の６割が自動車関連。子会社にアルパイン等
0,6771,池上通信機,0,15,1000,http://www.ikegami.co.jp/,1948-02-21,1961-10-01,3,放送機器の大手。産業用ＴＶカメラで世界高シェア。現地生産シフト。\n放送機器中堅、業務用カメラ強い。検査・監視機器も。一部製品は外部委託へシフト、アジア強化
0,6772,東京コスモス電機,1,15,1000,http://www.tocos-j.co.jp/,1947-04-01,1961-10-01,3,可変抵抗器メーカー。産業用の比率高い。自動車用や面状発熱体も展開。\n産業機器用可変抵抗器の有力メーカー。自動車用電装センサー、抵抗体応用の面状発熱体も展開
0,6773,パイオニア,0,15,100,http://pioneer.jp/,1947-05-08,1961-10-01,3,音響、DJ機器から撤退。カーナビとカー音響が主力。新興国に注力。\n音響機器、ＤＪ機器から撤退。カーナビ、オーディオ等カーエレ専業に。新興国開拓に注力
0,6775,ＴＢグループ,1,15,1000,http://www.tb-group.co.jp,1946-11-06,1961-10-01,3,屋外電子看板、ＬＥＤ照明、ＰＯＳシステムに強み。光通信と資本提携。\n屋外電子看板、ＬＥＤ照明、電子レジが３本柱、光通信グループと資本・業務提携し会社再建中
0,6777,ｓａｎｔｅｃ,2,15,100,http://www.santec.com/jp/,1979-08-25,2001-07-24,3,光通信用部品と測定器が主体。光フィルターや波長ロッカーなど独自技術に強み。\n光通信用部品と光測定器が２本柱。光部品で波長モニターなど独自製品多い。ＯＣＴ拡大狙う
0,6778,アルチザネットワークス,1,15,100,http://www.artiza.co.jp/,1990-12-27,2001-07-19,7,通信計測器メーカー。次世代携帯向けでリード。ＩＰ電話向けなども。\n通信計測器の開発業者で携帯電話の基地局や交換機向けが主。次世代携帯電話計測器でリード
0,6779,日本電波工業,0,15,100,http://www.ndk.com/jp/,1948-04-15,1963-06-12,3,水晶関連製品の専業で世界首位級。小型製品に強み。欧米、アジア拡大。\n水晶デバイス専業で世界第２位。国内、中国に主要生産拠点。ＩＦＲＳ任意適用の国内第１号
0,6785,鈴木,0,15,100,http://www.suzukinet.co.jp/,1974-07-01,2001-02-16,6,自動車・携帯向けコネクター部品が主力。精密金型技術に強み。\n自動車電装品・電子部品のコネクターが主力。半導体装置や医療機具組み立ても。中国で生産
0,6786,ＲＶＨ,1,15,100,http://rvh.jp/,1996-07-01,2000-12-21,3,医療用３次元グラフィックスＬＳＩに強み。広告代理店買収で業容変化。\n医用向け３次元グラフィックスＬＳＩが祖業。広告代理のＤＳＣ１４年１１月買収で業容一変
0,6787,メイコー,2,15,100,http://www.meiko-elec.com/,1975-11-25,2000-12-08,3,プリント配線板製造大手。高密度板を強化。外観検査機なども開発。\n主軸のプリント配線板製造で国内上位。中国に複数の量産工場を擁す。映像機器の製造・販売も
0,6788,日本トリム,0,15,100,http://www.nihon-trim.co.jp/,1982-06-12,2000-11-28,3,イオン整水器最大手。催事販売が主力。医療機器分野にも進出。\n電解還元整水器首位。職域販売が柱。ＯＥＭも。農業関連、血液透析など医療関連も育成中
0,6789,ロランドＤＧ,0,15,100,http://www.rolanddg.co.jp/,1981-05-01,2000-10-26,12,業務用プリンター大手。広告・看板用、テキスタイルが主力。\n広告・看板用インクジェットプリンタで世界首位級。筆頭株主ローランド含め実質ファンド傘下
0,6794,フォスター電機,0,15,100,http://www.foster.co.jp/,1948-06-01,1962-05-01,3,音響・車載用スピーカー部品・製品専業。米アップルに供給実績。全量海外生産。\n音響・車載用スピーカー部品・製品の専業メーカー。海外生産が１００％で生産体制を増強中
0,6796,クラリオン,0,15,1000,http://www.clarion.com/,1940-12-18,1962-08-01,3,車載用音響機器の大手。日産等へのOEM主力。日立がTOBで連結子会社化。\n日立製作所傘下でカーエレ製造専業。日産自動車、フォード等のＯＥＭ主体。車載カメラ拡大中
0,6797,名古屋電機工業,9,15,0,http://www.nagoya-denki.co.jp/,1958-05-17,2000-09-07,3,道路情報関連システムの大手。基板検査装置の製造販売に注力。\n道路電光情報板など各種情報表示システムの草分け。基板検査装置、ＬＥＤ照明の製造販売も
0,6798,ＳＭＫ,0,15,1000,http://www.smk.co.jp/,1929-01-15,1962-09-01,3,接続部品大手。コネクターやスイッチが主力。タッチパネルを開拓中。\nコネクターなど接続部品の大手。スマホ向け主軸。タッチパネルにも強み。リモコンも展開
0,6800,ヨコオ,0,15,100,http://www.yokowo.co.jp/,1951-06-14,1962-10-01,3,自動車用アンテナ大手。携帯向けや回路検査用コネクターも展開。\n自動車用アンテナ国内大手。半導体・スマホ用の回路検査機器が収益源。医療用カテーテル育成
0,6801,東光,0,15,1000,http://www.toko.co.jp/,1955-08-09,1962-10-01,12,コイル最大手。電子セラミックも。産業用主体。村田製作所と資本提携。\nコイル大手、高性能メタル系コイルで先行。アンテナ用も。ＴＯＢで村田製作所の子会社に
0,6803,ティアック,0,15,1000,http://www.teac.co.jp/,1953-08-26,1970-04-01,3,米ギブソングループ傘下。音楽制作機器が軸でオンキョーと提携。\n音楽制作機器が主力。光ディスクドライブ等のＰＣ周辺機器縮小。米ギブソングループ傘下入り
0,6804,ホシデン,0,15,100,http://www.hosiden.co.jp/,1950-09-14,1963-08-01,3,情報通信部品大手。携帯・ゲーム向けが主力。任天堂比率５割。\nコネクター、スイッチ、マイク部品等情報通信部品大手。ゲーム機組み立ても。任天堂比率５割
0,6806,ヒロセ電機,0,15,100,http://www.hirose.co.jp/,1948-06-15,1972-12-01,3,コネクター専業大手。車載、スマホ向けが主力。国内は開発・営業特化。\nコネクター大手。スマホ、車載用が売上高の半分。国内自社工場は開発に特化、協力会社で量産
0,6807,日本航空電子工業,0,15,1000,http://www.jae.com/jp/index.html,1953-01-19,1973-04-01,3,ＮＥＣ系。コネクター大手。防衛庁向けの航空・宇宙用電子機器も。\nコネクター、システム機器、航空用電子機器の３部門。小型、薄型、高速伝送に活路。ＮＥＣ系
0,6809,ＴＯＡ,0,15,100,http://www.toa.co.jp/,1949-04-20,1977-09-01,3,放送設備専門大手。構内放送設備と防犯カメラが両輪。アジア生産拡充。\n構内放送設備、セキュリティシステムの２本柱。海外は商品企画から販売まで行う地域体制強化
0,6810,日立マクセル,0,15,100,http://www.maxell.co.jp/,1960-09-03,2014-03-18,3,電池や産業用部材が主力。車載、理美容家電向け部品に注力。\n日立製作所の持分法適用会社。電池やテープ材が主力。記録メディア縮小で車載、産業分野拡大
0,6814,古野電気,0,15,100,http://www.furuno.co.jp/,1951-05-23,1982-10-01,2,魚群探知機で首位。総合舶用電子機器メーカー。医療用など産業分野も。\n魚群探知機、電子海図など船舶用電子機器の世界大手。無線技術核にＧＰＳや医療機器事業強化
0,6815,ユニデンＨＤ,0,15,1000,http://www.uniden.co.jp/,1966-02-07,1986-09-10,3,通信機器メーカー。コードレス電話大手。豪、北米で販売。\n無線機器やコードレス電話が主力で、海外事業比率が高い。不動産事業を拡充。持株会社へ移行
0,6816,アルパイン,0,15,100,http://www.alpine.com/,1967-05-10,1988-03-15,3,アルプス系のカーＡＶ専業。高級カーオーディオに強み。ＯＥＭ主力。\nアルプス電気傘下の車載機器専業、ホンダやＢＭＷ等車メーカーのＯＥＭ品が柱。欧米に強い
0,6817,スミダコーポレーション,0,15,100,http://www.sumida.com/,1956-01-16,1988-08-09,12,コイル専業大手。自動車用が軸。全生産を海外に移管。ドル建て調達。\nコイル専業。車載、通信用が主。ドル建て調達多く円安は減益要因。生産は海外各地。四半期配当
0,6820,アイコム,0,15,100,http://www.icom.co.jp/,1964-07-16,1990-12-19,3,無線機専業大手。アマチュア、陸上用、海上用が3本柱。国内・北米が主力。\n無線機専業。アマチュア無線、陸上業務用、海上用の３分野が柱。北米、欧州が売上高の過半
0,6822,大井電気,2,15,1000,http://www.ooi.co.jp/,1950-01-07,1995-08-31,3,三菱電機系の情報通信機器製造会社。電力・通信線工事や保守も。\n無線通信機器や情報通信機器が柱。電力・通信関連システム工事の展開にも注力。三菱電機系
0,6823,リオン,0,15,100,http://www.rion.co.jp/,1944-06-21,1996-02-23,3,補聴器の草分けでシェア首位。音響、医用、環境の計測器事業も主力。\n補聴器はシェアトップ。系列販売店に強み持つ。医用検査機器や騒音・微粒子計測器等にも展開
0,6824,新コスモス電機,2,15,100,http://www.new-cosmos.co.jp/,1960-06-15,1996-11-07,3,家庭用ガス警報器で首位。火災警報機能も。独自のガス探知技術に力。\n家庭用ガス警報器でトップ。工業・業務用も展開。独自のガスセンサー技術軸に開発。海外強化
0,6826,本多通信工業,1,15,100,http://www.htk-jp.com/,1947-06-14,1999-10-13,3,コネクター専業。多極コネクターが主力。光コネクターなども育成。\nコネクター中心。通信向け柱に車載・産業機器向けも。パナソニックと提携、生産の半分は中国
0,6832,アオイ電子,1,15,100,http://www.aoi-electronics.co.jp/,1969-02-01,2000-08-10,3,独立系電子部品メーカー。携帯電話向けに強み。印刷ヘッドなども。\n独立系の電子部品製造。半導体集積回路組み立て・検査受託が柱。印刷ヘッドや抵抗器の製造も
0,6834,精工技研,2,15,100,http://www.seikoh-giken.co.jp/,1972-06-17,2000-07-31,3,光関連部品を製造。金型技術に強く、世界シェア首位級。新規事業育成。\n光通信部品、光ディスク用金型が主柱。携帯電話用のレンズ、子会社で自動車用センサーも
0,6835,アライドＨＤ,1,15,100,http://www.at-global.com/,1987-03-09,2000-07-27,12,ネットワーク機器専業。日米欧で開発推進。スイッチやルーターを展開。\nネットワーク機器を国際展開。日、米、欧で開発。製造業や医療機関、文教、自治体向けが柱
0,6836,ぷらっとホーム,1,15,100,http://www.plathome.co.jp/,1993-03-23,2000-07-11,3,Ｌｉｎｕｘ搭載サーバー大手。システム構築に強み。資源を法人に集中。\nＬｉｎｕｘ等の無償ＯＳ利用したサーバーやシステム構築に強み。法人向けに資源集中進める
0,6837,京写,2,15,1000,http://www.kyosha.co.jp/,1959-02-14,1999-11-30,3,プリント配線基板メーカー。片面板で世界首位。家電向けなど両面板も。\nプリント配線板メーカー。片面プリント配線板で世界首位。中国、インドネシアが生産拠点に
0,6838,多摩川ホールディングス,2,15,1000,http://www.tmex.co.jp/,1970-05-07,1999-08-31,3,高周波回路素子が主力。計測機器の開発・製造も。太陽光発電も。\n携帯電話など無線機器や計測器製造・販売の多摩川電子が主力。太陽光などエネルギー事業も
0,6839,船井電機,0,15,100,http://www.funai.jp/,1961-08-09,1999-02-04,3,ＡＶ家電中堅。北米で低価格品が高シェア。ウォルマートと親密。\nＯＥＭ事業兼業のＡＶ家電中堅。低価格帯が主軸。製造は中国に集中、販売は北米比率７割
0,6840,ＡＫＩＢＡ,2,15,1000,http://www.akiba-holdings.co.jp/,1983-02-17,1998-11-17,3,増設メモリから用途別モジュールにシフト。フラッシュメモリなども。\n増設メモリと用途別メモリモジュール、フラッシュメモリ販売が主力。コンテンツ事業が加わる
0,6841,横河電機,0,15,100,http://www.yokogawa.co.jp/,1920-12-01,1949-05-01,3,工業計器最大手。制御機器と計測機器の両輪。海外販売も推進。\n工業計器首位。制御機器に重点、海外攻勢強める。国内制御の販売・サービス体制再編し分社化
0,6844,新電元工業,0,15,1000,http://www.shindengen.co.jp/,1949-08-16,1961-10-01,3,パワー半導体、通信用電源、パワコン、2輪車用電装品を展開。太陽光発電用も。\n車載・産業用パワー半導体や、ホンダ向けなど２輪用電装品を展開。太陽光発電用パワコンも
0,6845,アズビル,0,15,100,http://www.azbil.com/jp/,1949-08-22,1961-10-01,3,工業計器大手。空調制御、燃料制御に強み。エネルギー管理で保守も。\n制御・自動化機器大手。エネルギー管理サービス（ＢＥＭＳ）武器に補修需要狙う。海外急展開
0,6846,中央製作所,9,15,0,http://www.chuo-seisakusho.co.jp/,1936-04-27,1961-10-01,3,電源機器、表面処理装置、溶接機が主力。電機、自動車向け中心。\n自動車向け電源機器、表面処理装置、溶接機が主。電解加工機を半導体製造装置向けに製造販売
0,6848,東亜ディーケーケー,0,15,100,http://www.toadkk.co.jp/,1944-09-19,1961-11-01,3,電子応用測定器の中堅。幅広い分析技術。環境保全用や人工透析関連も。\n環境計測器・工業用計測器メーカー。水から大気へ展開。米ダナハー・グループのハックと提携
0,6849,日本光電,0,15,100,http://www.nihonkohden.co.jp/,1951-08-07,1961-11-01,3,医用電子機器メーカー。脳波計は世界首位。生体情報モニターに注力。\n医用電子機器専門。病院向け生体情報モニターが主力。世界首位の脳波計やＡＥＤにも強み
0,6850,チノー,0,15,100,http://www.chino.co.jp/,1936-08-01,1962-04-01,3,温度制御の計測器専業メーカー。計装システム拡大。海外強化。\n温度制御主体の計測器専業メーカー。ユーザー密着のエンジニアリング活動に強み。海外強化
0,6852,テクノ・セブン,2,15,1000,http://www.techno7.co.jp/,1950-04-28,1963-01-29,3,ソフト・システム開発が主力。不動産賃貸も。３ＤプリンターやＯＥＭが得意。\n非上場のソフト会社ＴＣＳグループ。事務機器が主力からソフト開発に重点移行。賃貸事業も
0,6853,共和電業,0,15,100,http://www.kyowa-ei.com/jpn/,1949-06-28,1963-06-19,12,歪みゲージ大手。高性能機種に強み。自動車向けを強化。米中に展開。\nひずみゲージとその応用計測機器でシェア４割。衝突試験用など自動車向け強化。米国、中国も
0,6855,日本電子材料,0,15,100,http://www.jem-net.co.jp/,1960-04-06,1998-08-21,3,半導体検査器具大手。プローブカードに強み。海外比率高める。\n半導体検査用プローブカード大手。ブラウン管カソード等から出発。海外生産比率向上に注力
0,6856,堀場製作所,0,15,100,http://www.horiba.co.jp/,1953-01-26,1971-03-01,12,独立系の分析機器大手。エンジン計測装置は世界首位。医用関連も展開。\n独立系の分析機器大手。エンジン計測器で世界市場８割占有。Ｍ＆Ａなどにより海外事業強化中
0,6857,アドバンテスト,0,15,100,https://www.advantest.com/jp/investors/,1954-12-16,1983-02-09,3,半導体試験装置で世界首位。先端技術でリード。電子ビーム露光も。\n半導体検査装置で世界シェア高い、ＤＲＡＭ用主体からロジック用拡大。電子ビーム露光装置も
0,6858,小野測器,0,15,100,https://www.onosokki.co.jp/,1954-01-01,1983-08-15,12,デジタル計測最大手。自動車業界向け中心。アジア、米国輸出に注力。\nデジタル計測機器大手。回転計、音響・振動計で首位。自動車業界向けが約７割。アジアへ進出
0,6859,エスペック,0,15,100,http://www.espec.co.jp/,1954-01-13,1983-09-01,3,環境試験機器・装置で世界最大手。電子部品用熱処理装置も手掛ける。\n気温・湿度等の環境変化の影響を分析する環境試験器のトップ。電池、半導体の試験器も展開
0,6860,パナＳＵＮＸ,0,15,100,http://www2.panasonic.co.jp/id/pidsx/,1969-10-03,1986-04-09,3,光電センサーが主力、レーザーマーカーに展開。パナソニックと連携。\nセンサーが主軸。レーザーマーカーに展開。海外営業拠点や研究開発でパナソニックと連携
0,6861,キーエンス,0,15,100,http://www.keyence.co.jp/,1974-05-27,1987-10-29,320,ＦＡ用センサーが主力。生産の大半を外注。直販体制に強み。\nＦＡセンサーなど検出・計測制御機器大手。生産は国内工場軸に外注。持分にジャストシステム
0,6862,ミナトホールディングス,2,15,1000,http://www.minato.co.jp/,1956-12-17,1988-11-22,3,ATM用タッチパネル、プログラム移植装置が主力。液晶検査装置も。\n液晶検査装置とデバイスプログラマー、ＡＴＭ向けタッチパネルが柱。顧客は大手電機。再建中
0,6863,ニレコ,2,15,100,http://www.nireco.co.jp/,1950-11-04,1989-10-27,3,制御機器・計測機器メーカー。帯状物の制御に強み。画像処理なども。\nプロセス制御・計測機器メーカー。帯状物の制御に強み。画像処理にも展開。海外展開を積極化
0,6864,ＮＦ回路,2,15,100,http://www.nfcorp.co.jp/,1963-08-23,1990-04-24,3,電気計測器を開発。アナログ回路技術やＮＦ増幅技術に強み。中国展開。\nＮＦ制御技術やアナログ技術に強み。独自開発の電子計測器、応用機器で高シェア。中国展開も
0,6866,ＨＩＯＫＩ,0,15,100,http://www.hioki.co.jp/,1952-01-05,1991-07-30,12,電気計測器の中堅。自動試験装置や記録計分野を強化。研究開発型。\n各種テスターなど電気測定器の中堅メーカー。電子測定器、現場測定器に注力。アジア展開強化
0,6867,リーダー電子,2,15,1000,http://www.leader.co.jp/,1954-05-01,1991-11-28,3,電気計測器メーカー中堅。放送機器や映画産業関連などに強み。\n電気計測器の中堅メーカー。放送、ＡＶ関連に強み。再建中。製造部門廃止し完全ファブレス化
0,6869,シスメックス,0,15,100,http://www.sysmex.co.jp/,1968-02-20,1995-11-15,3,検体検査機器大手。血液成分測定装置は世界トップ。試薬も展開。\n検体検査機器・試薬で高シェア。米国など世界的に展開。ライフサイエンス分野の研究開発強化
0,6870,日本フェンオール,2,15,100,http://www.fenwal.co.jp/,1961-05-24,1996-06-28,12,防災設備や産業用制御機器が主力。熱制御技術に強み。人工透析装置も。\nガス消火装置等特殊防災が主。熱制御で半導体製造装置に強み。プリント基板実装や医療装置も
0,6871,日本マイクロニクス,2,15,100,http://www.mjc.co.jp/,1970-11-02,1997-04-15,9,半導体計測器具と液晶検査装置が両輪。最先端技術に定評。\nウエハ等検査の半導体機器、液晶ディスプレー等の検査装置が主力。量子電池開発、量産化準備
0,6874,協立電機,2,15,100,http://www.kdwan.co.jp/,1959-02-11,1998-06-04,6,半導体基板検査装置大手。ＦＡシステムの開発も。買収に積極的。\nＦＡシステム（最適生産のシステム）や計測制御機器の設計、開発が主事業。省エネシステムも
0,6875,メガチップス,0,15,100,http://www.megachips.co.jp/,1990-04-04,1998-08-07,3,顧客専用ＬＳＩ、画像転送システムが主力。生産外部委託。任天堂向け中心。\nカスタムＬＳＩ、システム主力。ファブレスメーカー。任天堂向け主体。事務機やカメラ向けも
0,6877,ＯＢＡＲＡ　ＧＲＯＵＰ,0,15,100,http://www.obara-g.com/,1958-12-23,1998-06-10,9,自動車業界向け抵抗溶接機器のトップメーカー。半導体研磨装置も展開。\n自動車向け溶接機器の大手。消耗品販売兼営で強み発揮。各種半導体向け等平面研磨装置も展開
0,6878,長野日本無線,1,15,1000,http://www.njrc.jp/,1949-10-01,1997-10-01,3,日本無線系の電源・無線装置メーカー。防災関連等通信システムが主力。\n電源機器、無線装置メーカー。情報端末、ＯＡ・メカトロ機器手掛ける。日清紡ＨＤが親会社
0,6881,キョウデン,1,15,100,http://www.kyoden.co.jp/,1983-07-19,1997-09-16,3,試作品中心のプリント配線基板が主力。混和材、ガラス繊維原料も展開。\nプリント配線基板中堅、試作品用が主。量産品用も拡大中。混和材、ガラス長繊維原料等も展開
0,6882,三社電機製作所,1,15,100,http://www.sansha.co.jp/,1948-04-28,1997-09-03,3,パナソニック系の電源機器メーカー。金属表面処理用電源で首位。\n電源機器と半導体の生産が柱。金属表面処理用電源で国内首位。半導体はパワー系でニッチ特化
0,6889,オーデリック,2,15,100,http://www.odelic.co.jp/,1951-06-14,1996-11-01,3,住宅用照明器具大手。品揃え豊富でシャンデリア輸入も。ＬＥＤに注力。\n住宅用照明器具の大手。自社ブランドで全国展開、独立系。ＬＥＤ照明器具に先行し急成長
0,6890,フェローテック,2,15,100,http://www.ferrotec.co.jp/,1980-09-27,1996-10-18,3,半導体製造装置部品会社。真空シールで世界高シェア。磁性流体技術も。\n太陽電池や半導体設備向けの部品を製造。真空シールは世界シェア６割。装置や材料、消耗品も
0,6891,イーター電機工業,2,15,1000,http://www.eta.co.jp/,1979-12-03,1996-10-01,3,スイッチング電源専業。通信、放送設備、医療関連も。山陽電子を買収。\nスイッチング電源専業の中堅。通信設備の山陽電子工業の持分化で業容縮む。マレーシアに工場
0,6894,パルステック工業,1,15,1000,http://www.pulstec.co.jp/,1969-11-01,1996-08-01,3,光ディスク、光ピックアップ検査・評価装置最大手。三次元関連機器も。\n光ディスク機器・検査装置の大手。非接触計測の３ＤスキャナーやＸ線測定装置に注力。再建中
0,6895,ダイヤモンド電機,1,15,1000,http://www.diaelec.co.jp/,1940-06-17,1996-07-01,3,自動車用点火コイル大手。海外との取引を拡大。冷暖房機用制御器も。\n自動車エンジン用点火コイルの草分け。冷暖房機用制御器も柱。自動車用は国内シェア３割占有
0,6896,北川工業,9,15,0,http://www.kitagawa-ind.com/,1963-06-12,1996-02-26,3,電磁波環境部材と精密プラスチック部品が主体。開発力に強み。\n樹脂部品と電磁波対策部材が柱。ファブレス基本だが薄膜フィルム等自社製造品も３割。好財務
0,6897,ツインバード工業,1,15,1000,http://www.twinbird.jp/,1962-04-17,1996-02-20,2,小物家電製品・健康機器を製造販売。付加価値商品の生産は国内シフト。\n調理家電や照明、掃除機、季節家電など企画・販売。小物家電に強み。生産は中国協力工場を活用
0,6898,トミタ電機,2,15,1000,http://www.tomita-electric.com/,1960-02-05,1995-12-14,1,電子部品メーカー。フェライトが主力。デジタル機器向けなど小型中心。\nフェライト主力の電子部品メーカー。産業用小型品に特化。中国へ完全生産移管で業容改善図る
0,6899,ＡＳＴＩ,1,15,1000,http://www.asti.co.jp/,1963-05-10,1995-09-27,3,車載・家電用電装品が主力。ワイヤハーネスや制御基盤を生産。\n車載用電装品主柱、産業用制御システムに注力。家電・通信用電子部品の実装技術に定評がある
0,6901,澤藤電機,0,15,1000,http://www.sawafuji.co.jp/,1919-05-10,1949-05-01,3,日野自系のトラック電装品メーカー。発電機や車載用冷蔵庫も展開。\n日野自動車系。電装品は日野向けが主、発電機はホンダＯＥＭが半分。車載用冷蔵庫は豪州向け
0,6904,原田工業,2,15,1000,http://www.harada.com/jp/,1958-03-29,1995-04-03,3,自動車用アンテナで首位。中継コードなど自動車部品も展開。\n自動車用アンテナで国内首位。日本アンテナの事業部門譲受で国内外の拠点拡充、シナジー追求
0,6905,コーセル,0,15,100,http://www.cosel.co.jp/,1969-07-26,1994-12-09,520,スイッチング電源の標準品で２位。産業機器向け主力。生産を中国へ移管。\n産業機器向け等スイッチング電源の標準品で国内２位。中国・無錫工場への生産移管を推進
0,6907,ジオマテック,2,15,100,http://www.geomatec.co.jp/,1953-09-11,1994-11-29,3,成膜加工の専業大手。ガラス基板に強み。タッチパネルが主力。\n成膜加工の専業大手。ガラス基板上の加工に強み。液晶用基板、タッチパネルが主要製品
0,6908,イリソ電子工業,2,15,100,http://www.iriso.co.jp/,1966-12-16,1994-09-12,3,電子機器用多極コネクターが主力。自動車搭載の商品力に強み。\nコネクター製造中堅。車載用途が柱、産業機器、デジタル家電用等も。製品の大半がカスタム品
0,6911,新日本無線,0,15,1000,http://www.njr.co.jp/,1959-09-08,1991-11-22,3,電源用半導体とマイクロ波関連機器製造が主力。日清紡傘下。\n電源用ＩＣなど半導体が柱。オペアンプ生産量は世界首位級。電子管なども。日清紡が筆頭株主
0,6912,菊水電子工業,2,15,100,http://www.kikusui.co.jp/,1951-08-08,1991-11-22,3,電子計測・電源機器メーカー。据置型直流安定化電源で首位。EV向け充電器も。\n独立系の電子計測器、電源機器メーカー。耐電圧試験器、据え置き型直流安定化電源でトップ
0,6914,オプテックス,0,15,100,http://www.optex.co.jp/,1979-05-25,1991-07-23,12,防犯用、自動ドアなど各種センサー大手。海外展開継続。\n屋内外の防犯、自動ドア用センサーや工場向けなど産業用センサーを展開。業界トップ級
0,6915,千代田インテグレ,0,15,100,http://www.chiyoda-i.co.jp/,1955-09-01,1991-04-15,12,ソフト素材加工専門の家電、ＡＶ、ＯＡ向け総合部品メーカー。\nソフト素材加工専門の総合部品メーカー。ＯＡ、ＡＶが中心。自動車用、携帯端末用部材を拡張
0,6916,アイ・オー・データ機器,1,15,100,http://www.iodata.jp/,1976-01-10,1991-03-28,6,ＰＣ周辺機器大手。記録媒体や液晶モニターなど展開。ファブレス経営。\nストレージ、モニター等ＰＣ周辺機器大手。量販店主体だが法人向けも強化中。ファブレス経営
0,6918,アバールデータ,2,15,100,http://www.avaldata.co.jp/,1959-08-22,1991-02-20,3,電子制御装置製造会社。画像処理モジュールが主力。自社開発と受託。\n半導体製造装置など各種機器用モジュールメーカー。自社開発品と受託品の２本柱。３５％配当
0,6919,ケル,2,15,1000,http://www.kel.jp/,1962-07-23,1990-12-25,3,産業用コネクターを製販。小型の高品質タイプが主力。ラックなども。\n電子機器向けコネクターが主力。小型・高性能品中心。狭小タイプ大手。ラック、ＩＣソケットも
0,6920,レーザーテック,0,15,100,http://www.lasertec.co.jp/,1962-08-13,1990-12-25,6,液晶・半導体検査装置が主力。マスクブランクス検査装置でシェア独占。\n半導体マスク欠陥検査装置が柱。マスクブランクス検査装置シェア１００％。レーザー顕微鏡も
0,6923,スタンレー電気,0,15,100,http://www.stanley.co.jp/,1933-05-05,1961-10-01,3,自動車用照明器大手。ホンダ向け比重大。LEDの電子機器も収益大。\n自動車ランプで御三家の一角。ＬＥＤ等の電子機器事業も収益柱。ホンダ向け約４割。好財務
0,6924,岩崎電気,0,15,1000,http://www.iwasaki.co.jp/,1944-08-18,1961-10-01,3,照明機器の総合メーカー。特殊照明が主体。官公需から民需へシフト。\n照明灯大手。ＨＩＤからＬＥＤに移行。紫外線応用品、電子部品等も。官公需から民需へシフト
0,6925,ウシオ電機,0,15,100,http://www.ushio.co.jp/,1964-03-23,1970-05-01,3,産業用ランプで世界首位。光源や光学装置を展開。映像装置分野も強化。\n産業用ランプで世界首位。液晶・半導体向け光学装置に加え、シネマ用映像装置などを展開
0,6926,岡谷電機産業,0,15,100,http://www.okayaelec.co.jp/,1939-04-11,1970-09-01,3,電子機器、表示機器大手。ノイズ、サージ対策用コンデンサーが主力。\n電子機器のノイズやサージ対策用コンデンサーが主力。表示機器でも大手。海外比率５割程度
0,6927,ヘリオスＴＨ,0,15,100,http://www.heliostec-hd.co.jp/,1976-10-05,2002-12-19,3,プロジェクター・LEDランプ、光源装置が軸。LCD・タッチパネル製造装置、技術者派遣も。\nフェニックス電機主体、Ｍ＆Ａでプロジェクター用照明、精密印刷装置、技術者派遣の３本柱に
0,6928,エノモト,2,15,1000,http://www.enomoto.co.jp/,1967-04-17,1990-11-27,3,リードフレームやコネクター用部品製造。精密プレス金型技術に定評。\n半導体・ＬＥＤ用リードフレーム、コネクター用部品大手。微細加工の精密プレス金型に強み
0,6929,日本セラミック,0,15,100,http://www.nicera.co.jp/,1975-06-28,1990-11-14,12,赤外線センサーで世界高シェア。家電、自動車向け主力。超音波センサーも。\n赤外線センサーで国内９割、世界６割のシェア。超音波センサーでも世界的。中国等に生産拠点
0,6930,日本アンテナ,2,15,100,http://www.nippon-antenna.co.jp/,1953-11-20,1990-09-28,3,アンテナ大手。通信・放送用などが主力。電波障害対策工事にも強み。\n通信用、放送用アンテナの製造販売大手。電波障害対策工事でも上位。車載用アンテナから撤退
0,6932,遠藤照明,0,15,100,http://www.endo-lighting.co.jp/,1972-08-25,1990-02-28,3,施設用照明大手。スーパーなど商業用に強み。システム収納なども展開。\n商業施設用照明器具で国内首位級。演出照明に強み。インテリア家具も扱う。ＬＥＤ照明に軸足
0,6935,日本デジタル研究所,0,15,100,http://www.jdl.co.jp/,1968-09-09,1989-12-04,3,会計事務所向け財務専用ソフト大手。ＡＳＰなど強化。航空事業も兼営。\n会計事務所向け財務専用ソフトの大手。専用パソコン等機器も開発。定期運送の航空事業も兼営
0,6937,古河電池,0,15,1000,http://www.furukawadenchi.co.jp/,1950-09-01,1961-12-01,3,古河電工直系の蓄電池メーカー。自動車用に強み。産業用も。\n古河電気工業の電池製作所が発祥。自動車バッテリー用鉛蓄電池が柱。航空機・電車用、産業用も
0,6938,双信電機,0,15,100,http://www.soshin.co.jp/,1944-04-27,1989-11-21,3,日本ガイシ傘下。複合回路部品など電子部品を製造。情報通信向けが拡大。\nノイズ除去フィルター主力の電子部品中堅。産業機器用が主体。情報通信関連も。日本ガイシ系
0,6941,山一電機,0,15,100,http://www.yamaichi.co.jp/,1956-11-01,1988-12-12,3,半導体ソケット大手。基板装置や検査向け主力。新分野育成し安定化へ。\n半導体検査用ソケット大手。半導体メーカー設備投資の動向で収益振幅大。安定化へ新分野育成
0,6943,ＮＫＫスイッチズ,2,15,1000,http://www.nkkswitches.co.jp/,1953-12-11,1988-09-26,3,産業用小型スイッチ専業大手。トグルスイッチで世界高シェア。技術力に定評。\n産業用小型スイッチの専業大手。特にトグルスイッチに強い。日本、中国で生産。北米向け強化中
0,6945,富士通フロンテック,1,15,100,http://www.fujitsu.com/jp/group/frontech/,1940-11-09,1988-02-22,3,富士通系電子機器メーカー。金融自動機や表示機器、金型に強み。\nＡＴＭやＰＯＳなど金融・流通端末が主力。競馬場の表示・発払機等も。製造主力はフィリピン
0,6946,日本アビオニクス,1,15,1000,http://www.avio.co.jp/,1960-04-08,1988-02-09,3,ＮＥＣ系の防衛電子機器大手。防衛庁向け約４割。情報システム機器に強み。\nＮＥＣ系。防衛用表示機器、音響機器大手で防衛関連約４割。民需は赤外線、接合装置が中心
0,6947,図研,0,15,100,http://www.zuken.co.jp/,1976-12-17,1987-06-15,3,ＣＡＤ／ＣＡＭシステムの総合メーカー。プリント基板用で世界トップ級。\nプリント基板ＣＡＤ／ＣＡＭの国内最大手。世界でもトップ級。自動車関連や生産管理に触手
0,6951,日本電子,0,15,1000,http://www.jeol.co.jp/,1949-05-30,1962-04-01,3,三菱系の電子顕微鏡最大手。高い技術力を誇る。医療分野等多角化も。\n電子顕微鏡で世界首位。分析機器・半導体関連装置・医用機器等も。ニコンと提携、筆頭株主に
0,6952,カシオ計算機,0,15,100,http://casio.jp/,1957-06-01,1970-09-01,3,精密機器に強み。腕時計が主力。電波時計、電子辞書で高シェア。\n樫尾４兄弟が創業。腕時計、電子辞書で高シェア。デジカメも展開。電子看板など新規事業育成
0,6954,ファナック,0,15,100,http://www.fanuc.co.jp/,1972-05-12,1976-11-01,3,NC装置で世界トップ。産業用ロボットに強み。小型マシニングセンタも。\n工作機械用ＮＣ（数値制御）装置世界首位。産業用ロボや小型マシニングセンタも。配当性向６０％
0,6955,ＦＤＫ,1,15,1000,http://www.fdk.co.jp/,1950-02-07,1969-10-01,3,富士通系の電池・電子材料・電子部品メーカー。ハイブリッドモジュールが主力。\n富士通傘下。民生・産業用ニッケル水素電池が主軸。一般向けアルカリ乾電池、電子部品事業も
0,6957,芝浦電子,2,15,100,http://www.shibaura-e.co.jp/,1959-09-21,1985-09-09,3,温度センサー部品最大手。サーミスタ素子など中心。環境関連に強み。\n温度センサー部品最大手。センサーは海外で８割生産。エコ給湯器、ＥＶ向けなど環境関連強い
0,6958,日本ＣＭＫ,0,15,100,http://www.cmk-corp.com/,1961-02-25,1985-07-19,3,プリント配線板の最大手。自動車、電機向けが主力。高付加価値品強化。\nプリント配線基板最大手。自動車、カメラ強い。ビルドアップ配線板など高付加価値品強化
0,6960,フクダ電子,2,15,100,http://www.fukuda.co.jp/,1948-07-06,1982-05-19,3,医用電子機器メーカー。心電計で首位。フィリップスなどと提携。\n医用電子機器メーカー。循環器系に強く、心電計でトップ。フィリップスなど海外勢と提携
0,6961,エンプラス,0,15,100,http://www.enplas.com/,1962-02-21,1982-06-16,3,精密プラスチック加工首位。プラスチックギアなど主力。技術力に定評。\n精密プラスチック加工首位。微細加工技術に定評。顧客対応で海外生産網充実。ＬＥＤ関連強化
0,6962,大真空,0,15,1000,http://www.kds.info/,1963-05-01,1983-03-14,3,水晶デバイス大手。音叉型など高シェア。人工水晶素材から一貫生産。\n水晶デバイス総合大手。音叉型や民生用振動子などシェア首位級。人工水晶から一貫生産に強み
0,6963,ローム,0,15,100,http://www.rohm.co.jp/,1958-09-17,1983-11-01,3,カスタムＬＳＩで首位。半導体素子などにも強み。ディスプレー関連も。\nカスタムＬＳＩ首位。ダイオードなど半導体素子や抵抗器有力。ＯＫＩ半導体事業買収。好財務
0,6964,サンコー,1,15,1000,http://www.sko.co.jp/,1963-09-02,1984-05-10,3,プレス部品製造会社。デジタル家電や車載電装品向け部品を一貫生産。\nデジタル家電、車載電装品等の部品を受託生産。金型製作から組み立てまでの一貫生産が強み
0,6965,浜松ホトニクス,0,15,100,http://www.hamamatsu.com/,1953-09-29,1984-08-22,9,光検出器関連技術で最先端。光素子、増倍管など世界高シェア。\n光検出器関連で高技術。光電子増倍管で世界シェア約９０％。医用など高性能品多数。開発型企業
0,6966,三井ハイテック,0,15,100,http://www.mitsui-high-tec.com/,1957-04-12,1984-09-03,1,ＩＣリードフレームで首位級。金型技術に強み。車、スマホ向け拡大。\n金型の超精密加工に高い評価。ＩＣリードフレーム、自動車・家電向けモーターコア製造大手
0,6967,新光電気工業,0,15,100,http://www.shinko.co.jp/,1946-09-12,1984-12-21,3,富士通系の半導体パッケージ・リードフレームメーカー。業界大手。\n半導体パッケージ、リードフレーム大手。インテルに供給。富士通系だがグループ販売比率低い
0,6969,松尾電機,1,15,1000,http://www.ncc-matsuo.co.jp/,1949-12-12,1974-06-01,3,コンデンサー大手。産業用、タンタルに強み。回路保護部品も。\nコンデンサー大手。自動車、情報機器等産業用主力。タンタルに強み。マイクロヒューズも
0,6971,京セラ,0,15,100,http://www.kyocera.co.jp/,1959-04-01,1971-10-01,3,電子部品大手。セラミック関連に強み。情報通信機器など多角化。\nコンデンサーなど電子部品大手。太陽電池モジュール、通信機器、複写機など多角化経営を標榜
0,6972,エルナー,1,15,1000,http://www.elna.co.jp/,1937-05-25,1970-12-01,12,コンデンサーとプリント配線板が主柱。投資ファンド支援で再建中。\n車載用プリント回路、コンデンサーが柱。生産はタイとマレーシア。投資ファンド下で再建進む
0,6974,日本インター,1,15,100,http://www.niec.co.jp/,1957-08-21,1970-05-01,3,整流素子主体のパワー半導体メーカー。シリコンダイオードに特色。\n整流素子主体のパワー半導体メーカー。太陽電池、ＨＶ、燃料電池向け部品に照準。京セラ傘下に
0,6976,太陽誘電,0,15,100,http://www.ty-top.com/,1950-03-23,1970-03-01,3,セラミックコンデンサ世界大手。DVD-Rでも有力。技術開発力に定評。\nセラミックコンデンサー世界上位。インダクターやＳＡＷフィルター併営。光記録メディア撤退
0,6977,日本抵抗器製作所,1,15,1000,http://www.jrm.co.jp/,1943-05-01,1964-10-01,12,抵抗器からハイブリッドＩＣに展開。電子機器なども。中国生産拡大。\n抵抗器の中堅。自動車向け依存大。ハイブリッドＩＣ、電子機器に主力移行。中国生産を拡大
0,6981,村田製作所,0,15,100,http://www.murata.com/,1950-12-23,1963-03-01,3,セラミックコンデンサで世界首位。材料から一貫生産の技術力に強み。\n電子部品大手。世界トップのセラミックコンデンサーが主柱。原料からのセラミック技術に強み
0,6985,ユーシン,0,15,100,http://www.u-shin-ltd.com/top.html,1936-11-30,1962-12-01,11,自動車用部品製造。スイッチやキーセットに強み。欧州向け多い。\nキーセットなど自動車電装品製造。仏ヴァレオのキーシステム事業買収、欧州車向け割合高い
0,6986,双葉電子工業,0,15,100,http://www.futaba.co.jp/,1948-02-03,1985-04-17,3,自動車インパネの表示管で世界首位。有機EL事業に注力。\n自動車インパネ等の蛍光表示管で世界首位。金型部品も国内、アジアで展開。有機ＥＬ事業育成
0,6989,北陸電気工業,0,15,1000,http://www.hdk.co.jp/,1943-04-04,1962-08-07,3,電子部品中堅。デジタル家電、携帯端末向け抵抗器、センサーが得意。\nスマホ、タブレット向けモジュール製品、デジタル家電用抵抗器が主力。各種センサーも展開
0,6994,指月電機製作所,1,15,1000,http://www.shizuki.co.jp/,1947-09-01,1961-10-01,3,三菱電機系コンデンサー。フィルムコンデンサーで首位。省エネに注力。\n大型コンデンサー得意。小型・軽量、高耐熱性、高機能化へ展開。空港発着案内など表示装置も
0,6996,ニチコン,0,15,100,http://www.nichicon.co.jp/,1950-08-01,1961-10-01,3,アルミ電解など世界有数のコンデンサーメーカー。OA用電源に注力。回路製品も展開。\nアルミ電解など各種コンデンサー総合経営で世界有数。ＥＶ、家庭用蓄電システムなどに注力
0,6997,日本ケミコン,0,15,1000,http://www.chemi-con.co.jp/,1947-08-08,1970-09-01,3,アルミ電解コンデンサー最大手。技術力に定評。一貫生産体制に強み。\nアルミ電解コンデンサーで首位。アルミ電解箔の技術は世界級。車載用キャパシタを育成中
0,6998,日本タングステン,1,15,1000,http://www.nittan.co.jp/,1931-04-01,1961-10-01,3,タングステンとモリブデンの加工業。電極・半導体部品の製造販売。\nタングステンとモリブデンの加工業。超硬合金、ロータリーカッター、自動車用電極など育成
0,6999,ＫＯＡ,0,15,100,http://www.koanet.co.jp/,1947-05-24,1961-12-01,3,固定抵抗器で世界大手。自動車向け大。国内生産は7割と高い。\n固定抵抗器で世界首位級。長野中心に国内生産比率７０％強と高い。自動車向けに強み。好財務
0,7244,市光工業,0,15,1000,http://www.ichikoh.com/,1939-12-20,1961-10-01,3,自動車照明大手。ミラー類も。日産・トヨタ向け中心。仏ヴァレオと資本提携。\n自動車照明大手。ドアミラーも。トヨタ、日産向け主力に各社と取引。仏ヴァレオと資本提携
0,7276,小糸製作所,0,15,100,http://www.koito.co.jp/,1936-04-01,1949-05-01,3,自動車用照明機器首位。トヨタ向け主力。海外展開積極化。航空機部品も。\n自動車照明首位。単独のトヨタ圏向け約５割。海外積極展開。子会社にＫＩホールディングス
0,7280,ミツバ,0,15,100,http://www.mitsuba.co.jp/,1946-03-08,1977-05-18,3,自動車電装品メーカー。ワイパーモーターなど主力。ホンダ向けが中心に取引先多数。\n自動車ワイパーモーターなどが主力。ホンダ向け５割弱。旧日産系の自動車電機工業と合併
0,7718,スター精密,0,15,100,http://www.star-m.jp/,1950-07-06,1981-10-01,2,精密部品メーカー。工作機械や時計部品などを製造。小型携帯プリンタが成長。\n工作機械やプリンタ、時計部品等、製品構成多彩。小型携帯プリンタが成長。音響部品は譲渡
0,7735,スクリン,0,15,1000,http://www.screen.co.jp/,1943-10-11,1962-05-01,3,半導体・液晶製造装置が主力。ウエハ洗浄装置で世界首位。画像処理機器も。\n半導体製造装置の大手、うちウエハ洗浄装置では世界断トツ。液晶製造装置や印刷機器も展開
0,7739,キヤノン電子,0,15,100,http://www.canon-elec.co.jp/,1954-05-20,1981-08-24,12,キヤノンの製造子会社。プリンターの受託生産やカメラシャッター等製造。自社製品拡大。\nキヤノンの製造子会社。カメラシャッター製造やＬＢＰのレーザースキャナー・組み立てが柱
0,7751,キヤノン,0,15,100,http://www.canon.co.jp/ir/,1937-08-10,1949-05-01,12,OA機器総合メーカー。カメラ、事務機器で世界大手。一眼レフも高シェア。医療機器も。\nカメラ、事務機器の世界大手。一眼レフはシェア５割超。半導体・液晶露光装置、医療機器も展開
0,7752,リコー,0,15,100,http://jp.ricoh.com/,1936-02-06,1949-05-01,3,複写機で首位級。カラー複合機やITサービスに注力。海外販路の強化進める。\n事務機国内首位級。複合機や商業印刷機のほか、ＩＴサービスに注力。大規模な構造改革は一巡
0,7965,象印マホービン,1,15,1000,http://www.zojirushi.co.jp/,1948-12-29,1986-09-25,1120,調理家電大手。炊飯ジャーや電気ポットが主力。リビング用品も。アジアに強み。\n調理用家電・リビング用品の専業大手。海外生産比率が５割超。台湾などアジアと北米に強い
0,7999,ＭＵＴＯＨ,0,15,1000,http://www.mutoh-hd.co.jp/,1952-03-05,1983-06-07,3,業務用大判プリンター最大手。SI事業に注力。不動産賃貸を併営。\n業務用大判プリンタの最大手。ＣＡＤソフトを核にしたＳＩ事業を強化中。不動産賃貸併営
0,8035,東京エレクトロン,0,15,100,http://www.tel.co.jp/,1963-11-11,1980-06-01,3,半導体製造装置で世界的。液晶向けなどにも強み。米企業との統合撤回。\n半導体製造装置で世界３位。前工程の装置に強み。同首位のアプライド社との経営統合が破談に
